# Renewables.ninja Weather (Point API) - 53.709, 9.989 - Version: 1.0 - License: https://science.nasa.gov/earth-science/earth-science-data/data-information-policy - Reference: https://www.renewables.ninja/
# Units: time in UTC, t2m in ºC
# {"units": {"time": "UTC", "t2m": "\u00baC"}, "params": {"lat": "53.7089898", "lon": "9.9891914", "date_from": "2025-01-01", "date_to": "2025-12-31", "dataset": "merra2", "header": "true", "local_time": "false", "var_t2m": "true", "var_prectotland": "false", "var_precsnoland": "false", "var_snomas": "false", "var_rhoa": "false", "var_swgdn": "false", "var_swtdn": "false", "var_cldtot": "false"}}
time,t2m
2025-01-01 00:00,4.273
2025-01-01 01:00,4.714
2025-01-01 02:00,5.043
2025-01-01 03:00,5.327
2025-01-01 04:00,5.624
2025-01-01 05:00,5.905
2025-01-01 06:00,6.145
2025-01-01 07:00,6.233
2025-01-01 08:00,6.218
2025-01-01 09:00,6.188
2025-01-01 10:00,6.127
2025-01-01 11:00,6.131
2025-01-01 12:00,6.296
2025-01-01 13:00,6.536
2025-01-01 14:00,6.694
2025-01-01 15:00,6.531
2025-01-01 16:00,6.261
2025-01-01 17:00,6.124
2025-01-01 18:00,6.060
2025-01-01 19:00,5.972
2025-01-01 20:00,5.878
2025-01-01 21:00,5.714
2025-01-01 22:00,5.585
2025-01-01 23:00,5.354
2025-01-02 00:00,4.804
2025-01-02 01:00,4.048
2025-01-02 02:00,3.292
2025-01-02 03:00,2.574
2025-01-02 04:00,1.882
2025-01-02 05:00,1.474
2025-01-02 06:00,1.238
2025-01-02 07:00,1.138
2025-01-02 08:00,1.766
2025-01-02 09:00,2.848
2025-01-02 10:00,3.630
2025-01-02 11:00,4.121
2025-01-02 12:00,4.226
2025-01-02 13:00,3.891
2025-01-02 14:00,3.226
2025-01-02 15:00,2.525
2025-01-02 16:00,2.131
2025-01-02 17:00,1.817
2025-01-02 18:00,1.697
2025-01-02 19:00,1.815
2025-01-02 20:00,1.767
2025-01-02 21:00,1.654
2025-01-02 22:00,1.520
2025-01-02 23:00,1.411
2025-01-03 00:00,1.241
2025-01-03 01:00,1.079
2025-01-03 02:00,1.003
2025-01-03 03:00,0.962
2025-01-03 04:00,0.834
2025-01-03 05:00,0.699
2025-01-03 06:00,0.608
2025-01-03 07:00,0.549
2025-01-03 08:00,0.673
2025-01-03 09:00,0.931
2025-01-03 10:00,1.277
2025-01-03 11:00,1.638
2025-01-03 12:00,1.741
2025-01-03 13:00,1.391
2025-01-03 14:00,0.630
2025-01-03 15:00,0.045
2025-01-03 16:00,-0.066
2025-01-03 17:00,0.119
2025-01-03 18:00,0.269
2025-01-03 19:00,0.348
2025-01-03 20:00,0.413
2025-01-03 21:00,0.361
2025-01-03 22:00,0.017
2025-01-03 23:00,-0.444
2025-01-04 00:00,-1.145
2025-01-04 01:00,-1.523
2025-01-04 02:00,-1.664
2025-01-04 03:00,-1.624
2025-01-04 04:00,-1.544
2025-01-04 05:00,-1.381
2025-01-04 06:00,-1.217
2025-01-04 07:00,-1.331
2025-01-04 08:00,-1.186
2025-01-04 09:00,-0.829
2025-01-04 10:00,-0.193
2025-01-04 11:00,0.458
2025-01-04 12:00,0.809
2025-01-04 13:00,0.796
2025-01-04 14:00,0.463
2025-01-04 15:00,0.173
2025-01-04 16:00,0.138
2025-01-04 17:00,0.167
2025-01-04 18:00,0.230
2025-01-04 19:00,0.251
2025-01-04 20:00,0.230
2025-01-04 21:00,0.185
2025-01-04 22:00,0.121
2025-01-04 23:00,0.095
2025-01-05 00:00,0.083
2025-01-05 01:00,-0.009
2025-01-05 02:00,-0.144
2025-01-05 03:00,-0.194
2025-01-05 04:00,-0.251
2025-01-05 05:00,-0.420
2025-01-05 06:00,-0.666
2025-01-05 07:00,-0.853
2025-01-05 08:00,-0.784
2025-01-05 09:00,-0.552
2025-01-05 10:00,-0.277
2025-01-05 11:00,0.108
2025-01-05 12:00,0.186
2025-01-05 13:00,-0.040
2025-01-05 14:00,-0.341
2025-01-05 15:00,-0.630
2025-01-05 16:00,-0.747
2025-01-05 17:00,-0.734
2025-01-05 18:00,-0.621
2025-01-05 19:00,-0.468
2025-01-05 20:00,-0.083
2025-01-05 21:00,0.663
2025-01-05 22:00,1.845
2025-01-05 23:00,3.572
2025-01-06 00:00,4.957
2025-01-06 01:00,5.720
2025-01-06 02:00,6.079
2025-01-06 03:00,6.306
2025-01-06 04:00,6.403
2025-01-06 05:00,6.566
2025-01-06 06:00,6.651
2025-01-06 07:00,6.731
2025-01-06 08:00,6.988
2025-01-06 09:00,7.295
2025-01-06 10:00,7.705
2025-01-06 11:00,8.100
2025-01-06 12:00,8.303
2025-01-06 13:00,8.543
2025-01-06 14:00,8.530
2025-01-06 15:00,8.562
2025-01-06 16:00,9.552
2025-01-06 17:00,8.917
2025-01-06 18:00,5.992
2025-01-06 19:00,5.245
2025-01-06 20:00,5.020
2025-01-06 21:00,4.679
2025-01-06 22:00,4.250
2025-01-06 23:00,3.979
2025-01-07 00:00,3.668
2025-01-07 01:00,3.411
2025-01-07 02:00,3.284
2025-01-07 03:00,3.250
2025-01-07 04:00,3.244
2025-01-07 05:00,3.242
2025-01-07 06:00,3.210
2025-01-07 07:00,3.054
2025-01-07 08:00,3.167
2025-01-07 09:00,3.537
2025-01-07 10:00,3.907
2025-01-07 11:00,4.329
2025-01-07 12:00,4.658
2025-01-07 13:00,4.598
2025-01-07 14:00,3.990
2025-01-07 15:00,3.287
2025-01-07 16:00,2.692
2025-01-07 17:00,2.179
2025-01-07 18:00,1.811
2025-01-07 19:00,1.531
2025-01-07 20:00,1.491
2025-01-07 21:00,1.643
2025-01-07 22:00,1.914
2025-01-07 23:00,2.060
2025-01-08 00:00,1.993
2025-01-08 01:00,1.831
2025-01-08 02:00,1.678
2025-01-08 03:00,1.573
2025-01-08 04:00,1.532
2025-01-08 05:00,1.495
2025-01-08 06:00,1.380
2025-01-08 07:00,1.316
2025-01-08 08:00,1.604
2025-01-08 09:00,2.198
2025-01-08 10:00,2.817
2025-01-08 11:00,3.285
2025-01-08 12:00,3.491
2025-01-08 13:00,3.435
2025-01-08 14:00,3.067
2025-01-08 15:00,2.617
2025-01-08 16:00,2.418
2025-01-08 17:00,2.034
2025-01-08 18:00,1.682
2025-01-08 19:00,1.385
2025-01-08 20:00,1.049
2025-01-08 21:00,0.796
2025-01-08 22:00,0.640
2025-01-08 23:00,0.565
2025-01-09 00:00,0.528
2025-01-09 01:00,0.390
2025-01-09 02:00,0.295
2025-01-09 03:00,0.225
2025-01-09 04:00,0.085
2025-01-09 05:00,-0.199
2025-01-09 06:00,-0.568
2025-01-09 07:00,-0.766
2025-01-09 08:00,-0.273
2025-01-09 09:00,0.441
2025-01-09 10:00,1.323
2025-01-09 11:00,1.990
2025-01-09 12:00,2.194
2025-01-09 13:00,1.790
2025-01-09 14:00,1.327
2025-01-09 15:00,1.201
2025-01-09 16:00,1.331
2025-01-09 17:00,1.518
2025-01-09 18:00,1.785
2025-01-09 19:00,1.731
2025-01-09 20:00,1.695
2025-01-09 21:00,1.706
2025-01-09 22:00,1.673
2025-01-09 23:00,1.645
2025-01-10 00:00,1.341
2025-01-10 01:00,1.090
2025-01-10 02:00,1.100
2025-01-10 03:00,1.214
2025-01-10 04:00,1.515
2025-01-10 05:00,1.732
2025-01-10 06:00,1.942
2025-01-10 07:00,1.844
2025-01-10 08:00,1.805
2025-01-10 09:00,2.031
2025-01-10 10:00,2.433
2025-01-10 11:00,2.779
2025-01-10 12:00,2.932
2025-01-10 13:00,2.667
2025-01-10 14:00,1.549
2025-01-10 15:00,0.115
2025-01-10 16:00,-0.403
2025-01-10 17:00,-0.973
2025-01-10 18:00,-1.415
2025-01-10 19:00,-1.689
2025-01-10 20:00,-1.873
2025-01-10 21:00,-2.034
2025-01-10 22:00,-2.265
2025-01-10 23:00,-2.486
2025-01-11 00:00,-2.698
2025-01-11 01:00,-2.840
2025-01-11 02:00,-2.827
2025-01-11 03:00,-2.801
2025-01-11 04:00,-2.681
2025-01-11 05:00,-2.541
2025-01-11 06:00,-2.457
2025-01-11 07:00,-2.380
2025-01-11 08:00,-1.393
2025-01-11 09:00,-0.226
2025-01-11 10:00,0.861
2025-01-11 11:00,1.559
2025-01-11 12:00,1.679
2025-01-11 13:00,1.273
2025-01-11 14:00,0.259
2025-01-11 15:00,-1.007
2025-01-11 16:00,-1.561
2025-01-11 17:00,-1.813
2025-01-11 18:00,-1.928
2025-01-11 19:00,-2.020
2025-01-11 20:00,-2.113
2025-01-11 21:00,-2.212
2025-01-11 22:00,-2.322
2025-01-11 23:00,-2.371
2025-01-12 00:00,-2.389
2025-01-12 01:00,-2.351
2025-01-12 02:00,-2.337
2025-01-12 03:00,-2.289
2025-01-12 04:00,-2.362
2025-01-12 05:00,-2.384
2025-01-12 06:00,-2.321
2025-01-12 07:00,-2.222
2025-01-12 08:00,-1.450
2025-01-12 09:00,-0.291
2025-01-12 10:00,0.943
2025-01-12 11:00,1.721
2025-01-12 12:00,2.022
2025-01-12 13:00,1.553
2025-01-12 14:00,-0.702
2025-01-12 15:00,-2.477
2025-01-12 16:00,-2.697
2025-01-12 17:00,-2.749
2025-01-12 18:00,-2.661
2025-01-12 19:00,-2.518
2025-01-12 20:00,-2.410
2025-01-12 21:00,-2.314
2025-01-12 22:00,-2.017
2025-01-12 23:00,-1.607
2025-01-13 00:00,-1.721
2025-01-13 01:00,-2.563
2025-01-13 02:00,-3.127
2025-01-13 03:00,-3.328
2025-01-13 04:00,-3.289
2025-01-13 05:00,-3.330
2025-01-13 06:00,-3.431
2025-01-13 07:00,-3.382
2025-01-13 08:00,-2.724
2025-01-13 09:00,-1.507
2025-01-13 10:00,-0.472
2025-01-13 11:00,0.249
2025-01-13 12:00,0.644
2025-01-13 13:00,0.596
2025-01-13 14:00,-0.331
2025-01-13 15:00,-1.281
2025-01-13 16:00,-1.163
2025-01-13 17:00,-1.186
2025-01-13 18:00,-1.236
2025-01-13 19:00,-1.213
2025-01-13 20:00,-1.284
2025-01-13 21:00,-1.360
2025-01-13 22:00,-1.434
2025-01-13 23:00,-1.583
2025-01-14 00:00,-1.642
2025-01-14 01:00,-1.254
2025-01-14 02:00,-0.972
2025-01-14 03:00,-0.661
2025-01-14 04:00,-0.436
2025-01-14 05:00,-0.297
2025-01-14 06:00,-0.216
2025-01-14 07:00,-0.125
2025-01-14 08:00,0.212
2025-01-14 09:00,0.644
2025-01-14 10:00,0.781
2025-01-14 11:00,0.951
2025-01-14 12:00,1.088
2025-01-14 13:00,1.438
2025-01-14 14:00,1.951
2025-01-14 15:00,2.524
2025-01-14 16:00,3.031
2025-01-14 17:00,3.315
2025-01-14 18:00,3.433
2025-01-14 19:00,3.517
2025-01-14 20:00,3.484
2025-01-14 21:00,3.557
2025-01-14 22:00,3.570
2025-01-14 23:00,3.287
2025-01-15 00:00,2.829
2025-01-15 01:00,2.587
2025-01-15 02:00,2.541
2025-01-15 03:00,2.657
2025-01-15 04:00,2.760
2025-01-15 05:00,2.790
2025-01-15 06:00,2.705
2025-01-15 07:00,2.520
2025-01-15 08:00,3.043
2025-01-15 09:00,3.868
2025-01-15 10:00,4.354
2025-01-15 11:00,4.521
2025-01-15 12:00,4.526
2025-01-15 13:00,3.956
2025-01-15 14:00,3.014
2025-01-15 15:00,2.473
2025-01-15 16:00,2.511
2025-01-15 17:00,2.544
2025-01-15 18:00,2.465
2025-01-15 19:00,2.436
2025-01-15 20:00,2.493
2025-01-15 21:00,2.576
2025-01-15 22:00,2.637
2025-01-15 23:00,2.670
2025-01-16 00:00,2.753
2025-01-16 01:00,2.943
2025-01-16 02:00,3.230
2025-01-16 03:00,3.367
2025-01-16 04:00,3.422
2025-01-16 05:00,3.449
2025-01-16 06:00,3.382
2025-01-16 07:00,3.234
2025-01-16 08:00,3.201
2025-01-16 09:00,3.280
2025-01-16 10:00,3.472
2025-01-16 11:00,3.763
2025-01-16 12:00,4.040
2025-01-16 13:00,4.038
2025-01-16 14:00,3.690
2025-01-16 15:00,3.120
2025-01-16 16:00,2.962
2025-01-16 17:00,2.822
2025-01-16 18:00,2.648
2025-01-16 19:00,2.521
2025-01-16 20:00,2.400
2025-01-16 21:00,2.216
2025-01-16 22:00,1.860
2025-01-16 23:00,1.521
2025-01-17 00:00,1.158
2025-01-17 01:00,0.793
2025-01-17 02:00,0.431
2025-01-17 03:00,0.121
2025-01-17 04:00,-0.089
2025-01-17 05:00,-0.372
2025-01-17 06:00,-0.649
2025-01-17 07:00,-0.888
2025-01-17 08:00,-0.940
2025-01-17 09:00,-0.758
2025-01-17 10:00,-0.335
2025-01-17 11:00,0.137
2025-01-17 12:00,0.457
2025-01-17 13:00,0.487
2025-01-17 14:00,0.027
2025-01-17 15:00,-0.621
2025-01-17 16:00,-0.730
2025-01-17 17:00,-0.804
2025-01-17 18:00,-0.883
2025-01-17 19:00,-0.948
2025-01-17 20:00,-0.987
2025-01-17 21:00,-1.069
2025-01-17 22:00,-1.206
2025-01-17 23:00,-1.321
2025-01-18 00:00,-1.442
2025-01-18 01:00,-1.511
2025-01-18 02:00,-1.560
2025-01-18 03:00,-1.604
2025-01-18 04:00,-1.657
2025-01-18 05:00,-1.761
2025-01-18 06:00,-1.932
2025-01-18 07:00,-1.917
2025-01-18 08:00,-1.425
2025-01-18 09:00,-1.254
2025-01-18 10:00,-0.683
2025-01-18 11:00,-0.074
2025-01-18 12:00,0.405
2025-01-18 13:00,0.560
2025-01-18 14:00,-0.695
2025-01-18 15:00,-2.587
2025-01-18 16:00,-3.212
2025-01-18 17:00,-3.444
2025-01-18 18:00,-3.417
2025-01-18 19:00,-3.171
2025-01-18 20:00,-2.919
2025-01-18 21:00,-2.773
2025-01-18 22:00,-3.103
2025-01-18 23:00,-3.175
2025-01-19 00:00,-3.196
2025-01-19 01:00,-3.124
2025-01-19 02:00,-3.210
2025-01-19 03:00,-3.156
2025-01-19 04:00,-3.100
2025-01-19 05:00,-3.040
2025-01-19 06:00,-3.064
2025-01-19 07:00,-2.900
2025-01-19 08:00,-2.028
2025-01-19 09:00,-0.851
2025-01-19 10:00,0.771
2025-01-19 11:00,2.287
2025-01-19 12:00,2.972
2025-01-19 13:00,2.778
2025-01-19 14:00,0.944
2025-01-19 15:00,-0.928
2025-01-19 16:00,-0.957
2025-01-19 17:00,-1.032
2025-01-19 18:00,-1.302
2025-01-19 19:00,-1.235
2025-01-19 20:00,-1.050
2025-01-19 21:00,-1.051
2025-01-19 22:00,-1.260
2025-01-19 23:00,-1.381
2025-01-20 00:00,-1.498
2025-01-20 01:00,-1.614
2025-01-20 02:00,-1.722
2025-01-20 03:00,-1.903
2025-01-20 04:00,-2.061
2025-01-20 05:00,-2.183
2025-01-20 06:00,-2.186
2025-01-20 07:00,-2.211
2025-01-20 08:00,-2.021
2025-01-20 09:00,-1.607
2025-01-20 10:00,-1.012
2025-01-20 11:00,-0.654
2025-01-20 12:00,-0.574
2025-01-20 13:00,-0.695
2025-01-20 14:00,-0.929
2025-01-20 15:00,-1.258
2025-01-20 16:00,-1.424
2025-01-20 17:00,-1.567
2025-01-20 18:00,-1.706
2025-01-20 19:00,-1.835
2025-01-20 20:00,-1.896
2025-01-20 21:00,-1.871
2025-01-20 22:00,-1.829
2025-01-20 23:00,-1.855
2025-01-21 00:00,-1.908
2025-01-21 01:00,-2.112
2025-01-21 02:00,-2.214
2025-01-21 03:00,-2.164
2025-01-21 04:00,-2.059
2025-01-21 05:00,-1.994
2025-01-21 06:00,-1.904
2025-01-21 07:00,-1.733
2025-01-21 08:00,-0.901
2025-01-21 09:00,-0.045
2025-01-21 10:00,0.649
2025-01-21 11:00,1.017
2025-01-21 12:00,1.106
2025-01-21 13:00,0.888
2025-01-21 14:00,0.193
2025-01-21 15:00,-0.718
2025-01-21 16:00,-0.854
2025-01-21 17:00,-0.872
2025-01-21 18:00,-0.852
2025-01-21 19:00,-0.939
2025-01-21 20:00,-1.090
2025-01-21 21:00,-1.222
2025-01-21 22:00,-1.264
2025-01-21 23:00,-1.224
2025-01-22 00:00,-1.129
2025-01-22 01:00,-1.220
2025-01-22 02:00,-1.299
2025-01-22 03:00,-1.441
2025-01-22 04:00,-1.557
2025-01-22 05:00,-1.735
2025-01-22 06:00,-1.824
2025-01-22 07:00,-1.890
2025-01-22 08:00,-1.261
2025-01-22 09:00,-0.401
2025-01-22 10:00,0.598
2025-01-22 11:00,1.389
2025-01-22 12:00,1.789
2025-01-22 13:00,1.608
2025-01-22 14:00,1.075
2025-01-22 15:00,0.582
2025-01-22 16:00,0.256
2025-01-22 17:00,0.039
2025-01-22 18:00,0.023
2025-01-22 19:00,0.253
2025-01-22 20:00,0.489
2025-01-22 21:00,0.739
2025-01-22 22:00,0.954
2025-01-22 23:00,0.978
2025-01-23 00:00,1.017
2025-01-23 01:00,1.232
2025-01-23 02:00,1.290
2025-01-23 03:00,1.143
2025-01-23 04:00,0.794
2025-01-23 05:00,0.509
2025-01-23 06:00,0.416
2025-01-23 07:00,0.486
2025-01-23 08:00,1.063
2025-01-23 09:00,1.889
2025-01-23 10:00,3.051
2025-01-23 11:00,3.990
2025-01-23 12:00,4.426
2025-01-23 13:00,4.350
2025-01-23 14:00,3.831
2025-01-23 15:00,3.272
2025-01-23 16:00,2.977
2025-01-23 17:00,2.660
2025-01-23 18:00,1.963
2025-01-23 19:00,1.733
2025-01-23 20:00,1.672
2025-01-23 21:00,1.613
2025-01-23 22:00,1.745
2025-01-23 23:00,1.757
2025-01-24 00:00,1.455
2025-01-24 01:00,1.236
2025-01-24 02:00,1.563
2025-01-24 03:00,1.916
2025-01-24 04:00,1.616
2025-01-24 05:00,1.569
2025-01-24 06:00,1.293
2025-01-24 07:00,1.081
2025-01-24 08:00,1.300
2025-01-24 09:00,2.140
2025-01-24 10:00,3.470
2025-01-24 11:00,4.639
2025-01-24 12:00,5.216
2025-01-24 13:00,5.054
2025-01-24 14:00,4.678
2025-01-24 15:00,4.386
2025-01-24 16:00,4.272
2025-01-24 17:00,4.479
2025-01-24 18:00,4.775
2025-01-24 19:00,5.040
2025-01-24 20:00,5.287
2025-01-24 21:00,5.235
2025-01-24 22:00,5.079
2025-01-24 23:00,4.620
2025-01-25 00:00,4.535
2025-01-25 01:00,4.449
2025-01-25 02:00,4.347
2025-01-25 03:00,4.190
2025-01-25 04:00,3.914
2025-01-25 05:00,3.719
2025-01-25 06:00,3.684
2025-01-25 07:00,3.757
2025-01-25 08:00,4.122
2025-01-25 09:00,4.749
2025-01-25 10:00,5.594
2025-01-25 11:00,6.423
2025-01-25 12:00,6.385
2025-01-25 13:00,6.158
2025-01-25 14:00,5.733
2025-01-25 15:00,4.483
2025-01-25 16:00,2.709
2025-01-25 17:00,1.659
2025-01-25 18:00,1.608
2025-01-25 19:00,1.784
2025-01-25 20:00,1.781
2025-01-25 21:00,1.695
2025-01-25 22:00,1.697
2025-01-25 23:00,1.720
2025-01-26 00:00,1.964
2025-01-26 01:00,1.997
2025-01-26 02:00,1.573
2025-01-26 03:00,1.549
2025-01-26 04:00,1.590
2025-01-26 05:00,1.508
2025-01-26 06:00,1.467
2025-01-26 07:00,1.400
2025-01-26 08:00,1.580
2025-01-26 09:00,2.004
2025-01-26 10:00,2.674
2025-01-26 11:00,3.072
2025-01-26 12:00,3.306
2025-01-26 13:00,3.534
2025-01-26 14:00,3.258
2025-01-26 15:00,2.555
2025-01-26 16:00,1.854
2025-01-26 17:00,1.292
2025-01-26 18:00,1.460
2025-01-26 19:00,1.544
2025-01-26 20:00,1.625
2025-01-26 21:00,1.615
2025-01-26 22:00,1.540
2025-01-26 23:00,1.512
2025-01-27 00:00,1.504
2025-01-27 01:00,1.613
2025-01-27 02:00,1.843
2025-01-27 03:00,2.195
2025-01-27 04:00,2.741
2025-01-27 05:00,2.905
2025-01-27 06:00,3.027
2025-01-27 07:00,3.482
2025-01-27 08:00,4.479
2025-01-27 09:00,6.390
2025-01-27 10:00,8.790
2025-01-27 11:00,10.598
2025-01-27 12:00,10.381
2025-01-27 13:00,9.691
2025-01-27 14:00,8.466
2025-01-27 15:00,6.169
2025-01-27 16:00,5.281
2025-01-27 17:00,4.977
2025-01-27 18:00,4.559
2025-01-27 19:00,4.173
2025-01-27 20:00,4.004
2025-01-27 21:00,4.251
2025-01-27 22:00,4.523
2025-01-27 23:00,4.929
2025-01-28 00:00,5.402
2025-01-28 01:00,5.339
2025-01-28 02:00,5.367
2025-01-28 03:00,5.200
2025-01-28 04:00,4.306
2025-01-28 05:00,3.645
2025-01-28 06:00,3.361
2025-01-28 07:00,3.556
2025-01-28 08:00,4.381
2025-01-28 09:00,5.603
2025-01-28 10:00,6.786
2025-01-28 11:00,7.990
2025-01-28 12:00,8.497
2025-01-28 13:00,8.273
2025-01-28 14:00,7.052
2025-01-28 15:00,5.318
2025-01-28 16:00,4.925
2025-01-28 17:00,4.425
2025-01-28 18:00,4.092
2025-01-28 19:00,3.962
2025-01-28 20:00,3.867
2025-01-28 21:00,3.808
2025-01-28 22:00,3.623
2025-01-28 23:00,3.541
2025-01-29 00:00,3.307
2025-01-29 01:00,3.130
2025-01-29 02:00,3.227
2025-01-29 03:00,3.283
2025-01-29 04:00,3.434
2025-01-29 05:00,3.786
2025-01-29 06:00,4.077
2025-01-29 07:00,4.654
2025-01-29 08:00,5.536
2025-01-29 09:00,6.032
2025-01-29 10:00,6.134
2025-01-29 11:00,6.162
2025-01-29 12:00,6.283
2025-01-29 13:00,6.356
2025-01-29 14:00,6.171
2025-01-29 15:00,5.816
2025-01-29 16:00,5.463
2025-01-29 17:00,5.296
2025-01-29 18:00,5.055
2025-01-29 19:00,4.762
2025-01-29 20:00,4.632
2025-01-29 21:00,4.446
2025-01-29 22:00,4.547
2025-01-29 23:00,4.719
2025-01-30 00:00,4.792
2025-01-30 01:00,4.802
2025-01-30 02:00,4.747
2025-01-30 03:00,4.661
2025-01-30 04:00,4.623
2025-01-30 05:00,4.624
2025-01-30 06:00,4.610
2025-01-30 07:00,4.658
2025-01-30 08:00,4.895
2025-01-30 09:00,5.344
2025-01-30 10:00,5.840
2025-01-30 11:00,6.151
2025-01-30 12:00,6.204
2025-01-30 13:00,5.938
2025-01-30 14:00,5.324
2025-01-30 15:00,4.581
2025-01-30 16:00,4.131
2025-01-30 17:00,3.901
2025-01-30 18:00,3.604
2025-01-30 19:00,3.281
2025-01-30 20:00,3.049
2025-01-30 21:00,2.637
2025-01-30 22:00,2.264
2025-01-30 23:00,2.144
2025-01-31 00:00,2.045
2025-01-31 01:00,1.982
2025-01-31 02:00,1.815
2025-01-31 03:00,1.754
2025-01-31 04:00,1.613
2025-01-31 05:00,1.508
2025-01-31 06:00,1.551
2025-01-31 07:00,1.643
2025-01-31 08:00,2.244
2025-01-31 09:00,3.428
2025-01-31 10:00,4.728
2025-01-31 11:00,5.673
2025-01-31 12:00,6.036
2025-01-31 13:00,5.907
2025-01-31 14:00,5.304
2025-01-31 15:00,4.300
2025-01-31 16:00,3.564
2025-01-31 17:00,3.137
2025-01-31 18:00,2.742
2025-01-31 19:00,2.240
2025-01-31 20:00,1.729
2025-01-31 21:00,1.584
2025-01-31 22:00,1.405
2025-01-31 23:00,1.110
2025-02-01 00:00,0.964
2025-02-01 01:00,1.195
2025-02-01 02:00,1.266
2025-02-01 03:00,1.207
2025-02-01 04:00,0.934
2025-02-01 05:00,0.717
2025-02-01 06:00,0.453
2025-02-01 07:00,0.527
2025-02-01 08:00,0.977
2025-02-01 09:00,1.687
2025-02-01 10:00,2.378
2025-02-01 11:00,3.010
2025-02-01 12:00,3.529
2025-02-01 13:00,3.642
2025-02-01 14:00,3.379
2025-02-01 15:00,2.594
2025-02-01 16:00,2.154
2025-02-01 17:00,1.818
2025-02-01 18:00,1.519
2025-02-01 19:00,1.089
2025-02-01 20:00,0.704
2025-02-01 21:00,0.442
2025-02-01 22:00,0.176
2025-02-01 23:00,-0.112
2025-02-02 00:00,-0.340
2025-02-02 01:00,-0.634
2025-02-02 02:00,-0.898
2025-02-02 03:00,-1.116
2025-02-02 04:00,-1.330
2025-02-02 05:00,-1.566
2025-02-02 06:00,-1.784
2025-02-02 07:00,-1.438
2025-02-02 08:00,-0.627
2025-02-02 09:00,0.653
2025-02-02 10:00,1.768
2025-02-02 11:00,2.822
2025-02-02 12:00,3.237
2025-02-02 13:00,3.085
2025-02-02 14:00,2.408
2025-02-02 15:00,1.063
2025-02-02 16:00,0.237
2025-02-02 17:00,-0.202
2025-02-02 18:00,-0.510
2025-02-02 19:00,-1.028
2025-02-02 20:00,-1.921
2025-02-02 21:00,-2.610
2025-02-02 22:00,-3.160
2025-02-02 23:00,-3.454
2025-02-03 00:00,-3.622
2025-02-03 01:00,-3.591
2025-02-03 02:00,-3.670
2025-02-03 03:00,-3.730
2025-02-03 04:00,-3.484
2025-02-03 05:00,-3.173
2025-02-03 06:00,-3.069
2025-02-03 07:00,-2.637
2025-02-03 08:00,-1.480
2025-02-03 09:00,0.054
2025-02-03 10:00,1.036
2025-02-03 11:00,1.775
2025-02-03 12:00,2.404
2025-02-03 13:00,2.551
2025-02-03 14:00,1.396
2025-02-03 15:00,-1.308
2025-02-03 16:00,-2.121
2025-02-03 17:00,-2.384
2025-02-03 18:00,-2.408
2025-02-03 19:00,-2.242
2025-02-03 20:00,-1.938
2025-02-03 21:00,-1.306
2025-02-03 22:00,-0.971
2025-02-03 23:00,-0.799
2025-02-04 00:00,-0.670
2025-02-04 01:00,-0.693
2025-02-04 02:00,-0.799
2025-02-04 03:00,-0.887
2025-02-04 04:00,-1.021
2025-02-04 05:00,-1.136
2025-02-04 06:00,-1.248
2025-02-04 07:00,-1.037
2025-02-04 08:00,-0.355
2025-02-04 09:00,0.881
2025-02-04 10:00,2.181
2025-02-04 11:00,3.036
2025-02-04 12:00,3.668
2025-02-04 13:00,3.747
2025-02-04 14:00,2.854
2025-02-04 15:00,1.186
2025-02-04 16:00,0.950
2025-02-04 17:00,1.120
2025-02-04 18:00,1.071
2025-02-04 19:00,0.754
2025-02-04 20:00,0.734
2025-02-04 21:00,0.375
2025-02-04 22:00,-0.257
2025-02-04 23:00,-0.561
2025-02-05 00:00,-0.592
2025-02-05 01:00,-0.602
2025-02-05 02:00,-0.345
2025-02-05 03:00,0.173
2025-02-05 04:00,0.644
2025-02-05 05:00,0.952
2025-02-05 06:00,1.347
2025-02-05 07:00,1.821
2025-02-05 08:00,2.641
2025-02-05 09:00,3.404
2025-02-05 10:00,3.972
2025-02-05 11:00,4.358
2025-02-05 12:00,4.690
2025-02-05 13:00,4.891
2025-02-05 14:00,4.802
2025-02-05 15:00,4.297
2025-02-05 16:00,3.653
2025-02-05 17:00,3.581
2025-02-05 18:00,3.580
2025-02-05 19:00,3.179
2025-02-05 20:00,3.096
2025-02-05 21:00,3.096
2025-02-05 22:00,3.058
2025-02-05 23:00,3.000
2025-02-06 00:00,2.955
2025-02-06 01:00,2.922
2025-02-06 02:00,2.918
2025-02-06 03:00,2.878
2025-02-06 04:00,2.906
2025-02-06 05:00,2.855
2025-02-06 06:00,2.637
2025-02-06 07:00,2.622
2025-02-06 08:00,2.912
2025-02-06 09:00,3.530
2025-02-06 10:00,4.246
2025-02-06 11:00,4.790
2025-02-06 12:00,5.015
2025-02-06 13:00,4.850
2025-02-06 14:00,4.215
2025-02-06 15:00,2.691
2025-02-06 16:00,2.149
2025-02-06 17:00,2.074
2025-02-06 18:00,1.940
2025-02-06 19:00,1.775
2025-02-06 20:00,1.582
2025-02-06 21:00,1.502
2025-02-06 22:00,1.537
2025-02-06 23:00,1.570
2025-02-07 00:00,1.466
2025-02-07 01:00,1.281
2025-02-07 02:00,1.033
2025-02-07 03:00,0.895
2025-02-07 04:00,0.867
2025-02-07 05:00,0.719
2025-02-07 06:00,0.418
2025-02-07 07:00,0.251
2025-02-07 08:00,0.806
2025-02-07 09:00,1.864
2025-02-07 10:00,2.930
2025-02-07 11:00,3.657
2025-02-07 12:00,4.087
2025-02-07 13:00,4.096
2025-02-07 14:00,3.673
2025-02-07 15:00,2.684
2025-02-07 16:00,1.964
2025-02-07 17:00,1.846
2025-02-07 18:00,1.664
2025-02-07 19:00,1.327
2025-02-07 20:00,0.926
2025-02-07 21:00,0.652
2025-02-07 22:00,0.608
2025-02-07 23:00,0.262
2025-02-08 00:00,-0.424
2025-02-08 01:00,-1.110
2025-02-08 02:00,-1.808
2025-02-08 03:00,-2.153
2025-02-08 04:00,-2.405
2025-02-08 05:00,-2.552
2025-02-08 06:00,-2.502
2025-02-08 07:00,-1.809
2025-02-08 08:00,-0.289
2025-02-08 09:00,1.397
2025-02-08 10:00,2.692
2025-02-08 11:00,3.530
2025-02-08 12:00,3.999
2025-02-08 13:00,4.108
2025-02-08 14:00,3.559
2025-02-08 15:00,1.798
2025-02-08 16:00,0.660
2025-02-08 17:00,0.437
2025-02-08 18:00,-0.020
2025-02-08 19:00,-0.432
2025-02-08 20:00,-0.818
2025-02-08 21:00,-1.105
2025-02-08 22:00,-1.213
2025-02-08 23:00,-1.196
2025-02-09 00:00,-1.186
2025-02-09 01:00,-1.176
2025-02-09 02:00,-1.210
2025-02-09 03:00,-1.267
2025-02-09 04:00,-1.433
2025-02-09 05:00,-1.576
2025-02-09 06:00,-1.595
2025-02-09 07:00,-0.850
2025-02-09 08:00,0.357
2025-02-09 09:00,1.739
2025-02-09 10:00,2.989
2025-02-09 11:00,4.069
2025-02-09 12:00,4.517
2025-02-09 13:00,4.412
2025-02-09 14:00,3.687
2025-02-09 15:00,1.999
2025-02-09 16:00,1.097
2025-02-09 17:00,1.118
2025-02-09 18:00,1.116
2025-02-09 19:00,1.041
2025-02-09 20:00,1.042
2025-02-09 21:00,1.123
2025-02-09 22:00,1.196
2025-02-09 23:00,1.208
2025-02-10 00:00,1.231
2025-02-10 01:00,1.144
2025-02-10 02:00,1.069
2025-02-10 03:00,1.019
2025-02-10 04:00,0.932
2025-02-10 05:00,0.822
2025-02-10 06:00,0.723
2025-02-10 07:00,0.876
2025-02-10 08:00,1.344
2025-02-10 09:00,1.873
2025-02-10 10:00,2.571
2025-02-10 11:00,3.144
2025-02-10 12:00,3.340
2025-02-10 13:00,3.229
2025-02-10 14:00,2.782
2025-02-10 15:00,1.753
2025-02-10 16:00,0.748
2025-02-10 17:00,0.299
2025-02-10 18:00,-0.029
2025-02-10 19:00,-0.362
2025-02-10 20:00,-0.680
2025-02-10 21:00,-1.080
2025-02-10 22:00,-1.508
2025-02-10 23:00,-1.881
2025-02-11 00:00,-2.223
2025-02-11 01:00,-2.504
2025-02-11 02:00,-2.704
2025-02-11 03:00,-2.881
2025-02-11 04:00,-3.059
2025-02-11 05:00,-3.211
2025-02-11 06:00,-3.322
2025-02-11 07:00,-2.862
2025-02-11 08:00,-1.664
2025-02-11 09:00,-0.425
2025-02-11 10:00,0.697
2025-02-11 11:00,1.530
2025-02-11 12:00,1.896
2025-02-11 13:00,1.910
2025-02-11 14:00,1.656
2025-02-11 15:00,1.101
2025-02-11 16:00,0.466
2025-02-11 17:00,0.026
2025-02-11 18:00,-0.627
2025-02-11 19:00,-1.424
2025-02-11 20:00,-1.972
2025-02-11 21:00,-2.353
2025-02-11 22:00,-2.590
2025-02-11 23:00,-2.772
2025-02-12 00:00,-2.881
2025-02-12 01:00,-2.997
2025-02-12 02:00,-3.095
2025-02-12 03:00,-3.329
2025-02-12 04:00,-3.675
2025-02-12 05:00,-3.973
2025-02-12 06:00,-4.202
2025-02-12 07:00,-3.644
2025-02-12 08:00,-2.392
2025-02-12 09:00,-1.147
2025-02-12 10:00,-0.134
2025-02-12 11:00,0.571
2025-02-12 12:00,0.812
2025-02-12 13:00,0.663
2025-02-12 14:00,-0.028
2025-02-12 15:00,-1.399
2025-02-12 16:00,-2.846
2025-02-12 17:00,-3.259
2025-02-12 18:00,-3.608
2025-02-12 19:00,-3.768
2025-02-12 20:00,-3.747
2025-02-12 21:00,-3.549
2025-02-12 22:00,-3.350
2025-02-12 23:00,-3.219
2025-02-13 00:00,-3.086
2025-02-13 01:00,-2.845
2025-02-13 02:00,-2.560
2025-02-13 03:00,-2.330
2025-02-13 04:00,-2.069
2025-02-13 05:00,-2.007
2025-02-13 06:00,-2.039
2025-02-13 07:00,-1.313
2025-02-13 08:00,-0.229
2025-02-13 09:00,0.922
2025-02-13 10:00,1.743
2025-02-13 11:00,2.267
2025-02-13 12:00,2.215
2025-02-13 13:00,1.698
2025-02-13 14:00,0.958
2025-02-13 15:00,0.398
2025-02-13 16:00,0.151
2025-02-13 17:00,0.063
2025-02-13 18:00,-0.070
2025-02-13 19:00,-0.155
2025-02-13 20:00,-0.222
2025-02-13 21:00,-0.380
2025-02-13 22:00,-0.629
2025-02-13 23:00,-0.820
2025-02-14 00:00,-1.190
2025-02-14 01:00,-1.465
2025-02-14 02:00,-1.853
2025-02-14 03:00,-2.003
2025-02-14 04:00,-2.078
2025-02-14 05:00,-2.001
2025-02-14 06:00,-1.794
2025-02-14 07:00,-0.753
2025-02-14 08:00,0.432
2025-02-14 09:00,1.323
2025-02-14 10:00,1.776
2025-02-14 11:00,2.011
2025-02-14 12:00,1.915
2025-02-14 13:00,1.614
2025-02-14 14:00,1.053
2025-02-14 15:00,-0.389
2025-02-14 16:00,-1.238
2025-02-14 17:00,-1.292
2025-02-14 18:00,-1.268
2025-02-14 19:00,-1.213
2025-02-14 20:00,-1.236
2025-02-14 21:00,-1.441
2025-02-14 22:00,-1.704
2025-02-14 23:00,-1.885
2025-02-15 00:00,-1.904
2025-02-15 01:00,-1.969
2025-02-15 02:00,-1.955
2025-02-15 03:00,-1.980
2025-02-15 04:00,-2.001
2025-02-15 05:00,-2.201
2025-02-15 06:00,-2.478
2025-02-15 07:00,-1.589
2025-02-15 08:00,-0.055
2025-02-15 09:00,1.098
2025-02-15 10:00,1.700
2025-02-15 11:00,2.085
2025-02-15 12:00,2.131
2025-02-15 13:00,1.849
2025-02-15 14:00,1.266
2025-02-15 15:00,0.596
2025-02-15 16:00,0.277
2025-02-15 17:00,0.065
2025-02-15 18:00,-0.252
2025-02-15 19:00,-0.711
2025-02-15 20:00,-1.010
2025-02-15 21:00,-1.079
2025-02-15 22:00,-1.134
2025-02-15 23:00,-1.185
2025-02-16 00:00,-1.316
2025-02-16 01:00,-1.310
2025-02-16 02:00,-1.404
2025-02-16 03:00,-1.635
2025-02-16 04:00,-1.955
2025-02-16 05:00,-2.383
2025-02-16 06:00,-2.845
2025-02-16 07:00,-2.318
2025-02-16 08:00,-1.216
2025-02-16 09:00,-0.195
2025-02-16 10:00,0.447
2025-02-16 11:00,0.630
2025-02-16 12:00,0.617
2025-02-16 13:00,0.443
2025-02-16 14:00,-0.022
2025-02-16 15:00,-1.189
2025-02-16 16:00,-2.474
2025-02-16 17:00,-2.891
2025-02-16 18:00,-3.482
2025-02-16 19:00,-4.118
2025-02-16 20:00,-4.741
2025-02-16 21:00,-5.372
2025-02-16 22:00,-5.983
2025-02-16 23:00,-6.558
2025-02-17 00:00,-7.070
2025-02-17 01:00,-7.477
2025-02-17 02:00,-7.784
2025-02-17 03:00,-7.987
2025-02-17 04:00,-8.040
2025-02-17 05:00,-7.968
2025-02-17 06:00,-7.770
2025-02-17 07:00,-6.725
2025-02-17 08:00,-4.798
2025-02-17 09:00,-2.725
2025-02-17 10:00,-0.670
2025-02-17 11:00,0.286
2025-02-17 12:00,0.660
2025-02-17 13:00,0.670
2025-02-17 14:00,0.346
2025-02-17 15:00,-0.802
2025-02-17 16:00,-2.073
2025-02-17 17:00,-2.578
2025-02-17 18:00,-3.296
2025-02-17 19:00,-3.916
2025-02-17 20:00,-4.312
2025-02-17 21:00,-4.488
2025-02-17 22:00,-5.071
2025-02-17 23:00,-5.901
2025-02-18 00:00,-6.409
2025-02-18 01:00,-6.718
2025-02-18 02:00,-6.894
2025-02-18 03:00,-6.995
2025-02-18 04:00,-7.132
2025-02-18 05:00,-7.384
2025-02-18 06:00,-7.513
2025-02-18 07:00,-6.597
2025-02-18 08:00,-4.656
2025-02-18 09:00,-2.493
2025-02-18 10:00,0.004
2025-02-18 11:00,1.092
2025-02-18 12:00,1.570
2025-02-18 13:00,1.711
2025-02-18 14:00,1.386
2025-02-18 15:00,-0.272
2025-02-18 16:00,-2.067
2025-02-18 17:00,-2.587
2025-02-18 18:00,-3.120
2025-02-18 19:00,-3.986
2025-02-18 20:00,-4.765
2025-02-18 21:00,-5.429
2025-02-18 22:00,-5.984
2025-02-18 23:00,-6.447
2025-02-19 00:00,-6.800
2025-02-19 01:00,-7.057
2025-02-19 02:00,-7.278
2025-02-19 03:00,-7.505
2025-02-19 04:00,-7.735
2025-02-19 05:00,-7.957
2025-02-19 06:00,-7.948
2025-02-19 07:00,-6.495
2025-02-19 08:00,-4.669
2025-02-19 09:00,-2.009
2025-02-19 10:00,0.344
2025-02-19 11:00,1.694
2025-02-19 12:00,2.378
2025-02-19 13:00,2.420
2025-02-19 14:00,1.935
2025-02-19 15:00,0.589
2025-02-19 16:00,-1.103
2025-02-19 17:00,-1.661
2025-02-19 18:00,-2.075
2025-02-19 19:00,-2.576
2025-02-19 20:00,-3.164
2025-02-19 21:00,-3.669
2025-02-19 22:00,-4.088
2025-02-19 23:00,-4.440
2025-02-20 00:00,-4.763
2025-02-20 01:00,-5.085
2025-02-20 02:00,-5.393
2025-02-20 03:00,-5.692
2025-02-20 04:00,-5.997
2025-02-20 05:00,-6.266
2025-02-20 06:00,-6.409
2025-02-20 07:00,-5.435
2025-02-20 08:00,-3.407
2025-02-20 09:00,-0.897
2025-02-20 10:00,1.077
2025-02-20 11:00,2.444
2025-02-20 12:00,3.022
2025-02-20 13:00,2.966
2025-02-20 14:00,2.776
2025-02-20 15:00,2.636
2025-02-20 16:00,2.376
2025-02-20 17:00,2.193
2025-02-20 18:00,1.966
2025-02-20 19:00,1.766
2025-02-20 20:00,1.745
2025-02-20 21:00,1.983
2025-02-20 22:00,2.080
2025-02-20 23:00,2.120
2025-02-21 00:00,2.249
2025-02-21 01:00,2.399
2025-02-21 02:00,2.735
2025-02-21 03:00,2.967
2025-02-21 04:00,3.121
2025-02-21 05:00,3.308
2025-02-21 06:00,3.308
2025-02-21 07:00,3.633
2025-02-21 08:00,4.347
2025-02-21 09:00,5.331
2025-02-21 10:00,6.681
2025-02-21 11:00,8.010
2025-02-21 12:00,9.047
2025-02-21 13:00,9.387
2025-02-21 14:00,8.719
2025-02-21 15:00,7.227
2025-02-21 16:00,6.230
2025-02-21 17:00,6.052
2025-02-21 18:00,5.669
2025-02-21 19:00,5.303
2025-02-21 20:00,4.889
2025-02-21 21:00,4.550
2025-02-21 22:00,4.298
2025-02-21 23:00,4.072
2025-02-22 00:00,3.817
2025-02-22 01:00,3.564
2025-02-22 02:00,3.332
2025-02-22 03:00,2.998
2025-02-22 04:00,2.523
2025-02-22 05:00,2.020
2025-02-22 06:00,1.901
2025-02-22 07:00,2.973
2025-02-22 08:00,4.643
2025-02-22 09:00,6.263
2025-02-22 10:00,7.889
2025-02-22 11:00,9.057
2025-02-22 12:00,9.988
2025-02-22 13:00,10.710
2025-02-22 14:00,10.689
2025-02-22 15:00,9.465
2025-02-22 16:00,8.317
2025-02-22 17:00,8.269
2025-02-22 18:00,8.157
2025-02-22 19:00,7.758
2025-02-22 20:00,7.481
2025-02-22 21:00,7.834
2025-02-22 22:00,7.816
2025-02-22 23:00,7.783
2025-02-23 00:00,7.064
2025-02-23 01:00,6.471
2025-02-23 02:00,5.815
2025-02-23 03:00,5.471
2025-02-23 04:00,5.296
2025-02-23 05:00,5.150
2025-02-23 06:00,5.097
2025-02-23 07:00,5.419
2025-02-23 08:00,5.925
2025-02-23 09:00,6.245
2025-02-23 10:00,6.904
2025-02-23 11:00,7.809
2025-02-23 12:00,8.879
2025-02-23 13:00,9.904
2025-02-23 14:00,10.266
2025-02-23 15:00,8.789
2025-02-23 16:00,6.413
2025-02-23 17:00,5.402
2025-02-23 18:00,4.279
2025-02-23 19:00,3.533
2025-02-23 20:00,3.420
2025-02-23 21:00,3.547
2025-02-23 22:00,3.504
2025-02-23 23:00,3.474
2025-02-24 00:00,3.649
2025-02-24 01:00,3.772
2025-02-24 02:00,3.826
2025-02-24 03:00,4.051
2025-02-24 04:00,4.087
2025-02-24 05:00,3.814
2025-02-24 06:00,3.858
2025-02-24 07:00,4.692
2025-02-24 08:00,6.079
2025-02-24 09:00,7.572
2025-02-24 10:00,8.995
2025-02-24 11:00,9.903
2025-02-24 12:00,10.266
2025-02-24 13:00,10.227
2025-02-24 14:00,9.825
2025-02-24 15:00,9.502
2025-02-24 16:00,9.224
2025-02-24 17:00,8.936
2025-02-24 18:00,8.978
2025-02-24 19:00,8.708
2025-02-24 20:00,8.407
2025-02-24 21:00,8.187
2025-02-24 22:00,7.732
2025-02-24 23:00,7.212
2025-02-25 00:00,6.585
2025-02-25 01:00,6.530
2025-02-25 02:00,6.734
2025-02-25 03:00,6.813
2025-02-25 04:00,6.555
2025-02-25 05:00,6.527
2025-02-25 06:00,6.804
2025-02-25 07:00,7.898
2025-02-25 08:00,9.022
2025-02-25 09:00,10.288
2025-02-25 10:00,11.033
2025-02-25 11:00,11.514
2025-02-25 12:00,11.639
2025-02-25 13:00,11.318
2025-02-25 14:00,10.673
2025-02-25 15:00,9.401
2025-02-25 16:00,8.192
2025-02-25 17:00,7.895
2025-02-25 18:00,7.719
2025-02-25 19:00,7.567
2025-02-25 20:00,7.270
2025-02-25 21:00,6.970
2025-02-25 22:00,6.541
2025-02-25 23:00,6.032
2025-02-26 00:00,5.621
2025-02-26 01:00,5.297
2025-02-26 02:00,4.961
2025-02-26 03:00,4.489
2025-02-26 04:00,4.243
2025-02-26 05:00,4.105
2025-02-26 06:00,4.151
2025-02-26 07:00,4.637
2025-02-26 08:00,5.043
2025-02-26 09:00,5.511
2025-02-26 10:00,6.196
2025-02-26 11:00,7.218
2025-02-26 12:00,7.907
2025-02-26 13:00,8.183
2025-02-26 14:00,8.059
2025-02-26 15:00,6.991
2025-02-26 16:00,4.590
2025-02-26 17:00,4.100
2025-02-26 18:00,3.598
2025-02-26 19:00,2.444
2025-02-26 20:00,1.467
2025-02-26 21:00,0.806
2025-02-26 22:00,0.659
2025-02-26 23:00,0.950
2025-02-27 00:00,1.209
2025-02-27 01:00,1.495
2025-02-27 02:00,1.611
2025-02-27 03:00,1.443
2025-02-27 04:00,1.509
2025-02-27 05:00,1.727
2025-02-27 06:00,1.840
2025-02-27 07:00,2.541
2025-02-27 08:00,3.363
2025-02-27 09:00,4.087
2025-02-27 10:00,4.828
2025-02-27 11:00,5.497
2025-02-27 12:00,5.788
2025-02-27 13:00,6.004
2025-02-27 14:00,6.093
2025-02-27 15:00,5.587
2025-02-27 16:00,4.026
2025-02-27 17:00,3.360
2025-02-27 18:00,2.860
2025-02-27 19:00,2.357
2025-02-27 20:00,1.945
2025-02-27 21:00,1.568
2025-02-27 22:00,1.360
2025-02-27 23:00,1.322
2025-02-28 00:00,1.509
2025-02-28 01:00,1.868
2025-02-28 02:00,2.012
2025-02-28 03:00,2.011
2025-02-28 04:00,2.106
2025-02-28 05:00,2.185
2025-02-28 06:00,2.452
2025-02-28 07:00,3.061
2025-02-28 08:00,3.520
2025-02-28 09:00,3.963
2025-02-28 10:00,4.445
2025-02-28 11:00,4.806
2025-02-28 12:00,4.928
2025-02-28 13:00,4.872
2025-02-28 14:00,4.703
2025-02-28 15:00,4.417
2025-02-28 16:00,3.937
2025-02-28 17:00,3.524
2025-02-28 18:00,3.245
2025-02-28 19:00,2.964
2025-02-28 20:00,2.597
2025-02-28 21:00,2.279
2025-02-28 22:00,2.093
2025-02-28 23:00,1.884
2025-03-01 00:00,1.486
2025-03-01 01:00,1.112
2025-03-01 02:00,0.972
2025-03-01 03:00,0.959
2025-03-01 04:00,1.041
2025-03-01 05:00,0.949
2025-03-01 06:00,1.089
2025-03-01 07:00,1.715
2025-03-01 08:00,2.640
2025-03-01 09:00,3.874
2025-03-01 10:00,4.821
2025-03-01 11:00,5.593
2025-03-01 12:00,6.156
2025-03-01 13:00,6.552
2025-03-01 14:00,6.522
2025-03-01 15:00,5.626
2025-03-01 16:00,2.523
2025-03-01 17:00,0.939
2025-03-01 18:00,1.176
2025-03-01 19:00,1.899
2025-03-01 20:00,2.050
2025-03-01 21:00,2.021
2025-03-01 22:00,1.979
2025-03-01 23:00,2.032
2025-03-02 00:00,2.081
2025-03-02 01:00,2.216
2025-03-02 02:00,2.332
2025-03-02 03:00,2.253
2025-03-02 04:00,1.996
2025-03-02 05:00,1.735
2025-03-02 06:00,1.587
2025-03-02 07:00,1.766
2025-03-02 08:00,2.328
2025-03-02 09:00,3.183
2025-03-02 10:00,4.318
2025-03-02 11:00,5.707
2025-03-02 12:00,6.677
2025-03-02 13:00,7.148
2025-03-02 14:00,7.246
2025-03-02 15:00,6.787
2025-03-02 16:00,5.310
2025-03-02 17:00,4.285
2025-03-02 18:00,3.747
2025-03-02 19:00,3.016
2025-03-02 20:00,2.487
2025-03-02 21:00,1.964
2025-03-02 22:00,1.652
2025-03-02 23:00,1.268
2025-03-03 00:00,0.832
2025-03-03 01:00,0.473
2025-03-03 02:00,0.051
2025-03-03 03:00,-0.260
2025-03-03 04:00,-0.597
2025-03-03 05:00,-0.723
2025-03-03 06:00,-0.194
2025-03-03 07:00,1.271
2025-03-03 08:00,3.178
2025-03-03 09:00,5.138
2025-03-03 10:00,6.681
2025-03-03 11:00,7.951
2025-03-03 12:00,8.860
2025-03-03 13:00,9.231
2025-03-03 14:00,8.980
2025-03-03 15:00,7.968
2025-03-03 16:00,5.491
2025-03-03 17:00,3.804
2025-03-03 18:00,3.291
2025-03-03 19:00,2.937
2025-03-03 20:00,2.564
2025-03-03 21:00,2.119
2025-03-03 22:00,1.767
2025-03-03 23:00,1.369
2025-03-04 00:00,1.386
2025-03-04 01:00,1.343
2025-03-04 02:00,1.093
2025-03-04 03:00,1.108
2025-03-04 04:00,1.165
2025-03-04 05:00,1.286
2025-03-04 06:00,1.715
2025-03-04 07:00,2.643
2025-03-04 08:00,4.095
2025-03-04 09:00,5.700
2025-03-04 10:00,7.178
2025-03-04 11:00,8.552
2025-03-04 12:00,9.320
2025-03-04 13:00,9.651
2025-03-04 14:00,9.743
2025-03-04 15:00,8.987
2025-03-04 16:00,6.108
2025-03-04 17:00,4.461
2025-03-04 18:00,4.282
2025-03-04 19:00,4.318
2025-03-04 20:00,4.017
2025-03-04 21:00,3.457
2025-03-04 22:00,3.226
2025-03-04 23:00,3.076
2025-03-05 00:00,2.709
2025-03-05 01:00,2.235
2025-03-05 02:00,1.732
2025-03-05 03:00,0.847
2025-03-05 04:00,0.263
2025-03-05 05:00,-0.107
2025-03-05 06:00,0.327
2025-03-05 07:00,2.141
2025-03-05 08:00,4.804
2025-03-05 09:00,7.841
2025-03-05 10:00,10.223
2025-03-05 11:00,11.530
2025-03-05 12:00,12.204
2025-03-05 13:00,12.394
2025-03-05 14:00,12.024
2025-03-05 15:00,10.722
2025-03-05 16:00,7.908
2025-03-05 17:00,6.210
2025-03-05 18:00,5.673
2025-03-05 19:00,5.131
2025-03-05 20:00,4.601
2025-03-05 21:00,4.199
2025-03-05 22:00,3.819
2025-03-05 23:00,3.225
2025-03-06 00:00,2.475
2025-03-06 01:00,1.794
2025-03-06 02:00,1.228
2025-03-06 03:00,0.707
2025-03-06 04:00,0.294
2025-03-06 05:00,0.039
2025-03-06 06:00,1.461
2025-03-06 07:00,3.873
2025-03-06 08:00,6.122
2025-03-06 09:00,8.902
2025-03-06 10:00,12.004
2025-03-06 11:00,13.837
2025-03-06 12:00,14.385
2025-03-06 13:00,14.518
2025-03-06 14:00,14.192
2025-03-06 15:00,12.550
2025-03-06 16:00,9.189
2025-03-06 17:00,7.331
2025-03-06 18:00,6.613
2025-03-06 19:00,5.982
2025-03-06 20:00,5.455
2025-03-06 21:00,4.991
2025-03-06 22:00,4.336
2025-03-06 23:00,3.702
2025-03-07 00:00,3.138
2025-03-07 01:00,2.727
2025-03-07 02:00,2.441
2025-03-07 03:00,2.218
2025-03-07 04:00,1.986
2025-03-07 05:00,1.863
2025-03-07 06:00,3.226
2025-03-07 07:00,5.655
2025-03-07 08:00,7.846
2025-03-07 09:00,10.409
2025-03-07 10:00,13.306
2025-03-07 11:00,15.297
2025-03-07 12:00,16.037
2025-03-07 13:00,16.185
2025-03-07 14:00,15.784
2025-03-07 15:00,14.282
2025-03-07 16:00,11.852
2025-03-07 17:00,10.752
2025-03-07 18:00,10.129
2025-03-07 19:00,9.528
2025-03-07 20:00,8.931
2025-03-07 21:00,8.227
2025-03-07 22:00,7.441
2025-03-07 23:00,6.708
2025-03-08 00:00,6.067
2025-03-08 01:00,5.388
2025-03-08 02:00,4.749
2025-03-08 03:00,4.200
2025-03-08 04:00,3.751
2025-03-08 05:00,3.244
2025-03-08 06:00,3.703
2025-03-08 07:00,6.563
2025-03-08 08:00,8.152
2025-03-08 09:00,10.225
2025-03-08 10:00,12.902
2025-03-08 11:00,15.196
2025-03-08 12:00,15.940
2025-03-08 13:00,15.988
2025-03-08 14:00,15.407
2025-03-08 15:00,13.460
2025-03-08 16:00,10.124
2025-03-08 17:00,8.358
2025-03-08 18:00,7.896
2025-03-08 19:00,7.403
2025-03-08 20:00,6.827
2025-03-08 21:00,6.176
2025-03-08 22:00,5.448
2025-03-08 23:00,4.890
2025-03-09 00:00,4.409
2025-03-09 01:00,3.959
2025-03-09 02:00,3.590
2025-03-09 03:00,3.236
2025-03-09 04:00,2.867
2025-03-09 05:00,2.555
2025-03-09 06:00,3.275
2025-03-09 07:00,4.478
2025-03-09 08:00,6.096
2025-03-09 09:00,8.424
2025-03-09 10:00,10.579
2025-03-09 11:00,12.014
2025-03-09 12:00,12.895
2025-03-09 13:00,13.186
2025-03-09 14:00,12.774
2025-03-09 15:00,11.253
2025-03-09 16:00,8.156
2025-03-09 17:00,5.901
2025-03-09 18:00,4.992
2025-03-09 19:00,4.332
2025-03-09 20:00,4.167
2025-03-09 21:00,4.228
2025-03-09 22:00,3.951
2025-03-09 23:00,3.456
2025-03-10 00:00,2.734
2025-03-10 01:00,2.109
2025-03-10 02:00,1.669
2025-03-10 03:00,1.762
2025-03-10 04:00,1.523
2025-03-10 05:00,1.360
2025-03-10 06:00,1.481
2025-03-10 07:00,2.031
2025-03-10 08:00,3.077
2025-03-10 09:00,4.319
2025-03-10 10:00,5.503
2025-03-10 11:00,6.857
2025-03-10 12:00,8.409
2025-03-10 13:00,9.182
2025-03-10 14:00,9.171
2025-03-10 15:00,8.411
2025-03-10 16:00,5.755
2025-03-10 17:00,3.669
2025-03-10 18:00,3.083
2025-03-10 19:00,2.729
2025-03-10 20:00,2.518
2025-03-10 21:00,2.335
2025-03-10 22:00,2.176
2025-03-10 23:00,2.180
2025-03-11 00:00,2.452
2025-03-11 01:00,2.683
2025-03-11 02:00,2.572
2025-03-11 03:00,2.278
2025-03-11 04:00,2.041
2025-03-11 05:00,1.808
2025-03-11 06:00,1.774
2025-03-11 07:00,2.244
2025-03-11 08:00,3.352
2025-03-11 09:00,4.377
2025-03-11 10:00,5.252
2025-03-11 11:00,6.490
2025-03-11 12:00,7.750
2025-03-11 13:00,8.273
2025-03-11 14:00,7.835
2025-03-11 15:00,7.054
2025-03-11 16:00,5.953
2025-03-11 17:00,4.950
2025-03-11 18:00,4.231
2025-03-11 19:00,3.374
2025-03-11 20:00,2.474
2025-03-11 21:00,1.660
2025-03-11 22:00,1.282
2025-03-11 23:00,1.136
2025-03-12 00:00,1.182
2025-03-12 01:00,1.341
2025-03-12 02:00,1.325
2025-03-12 03:00,1.357
2025-03-12 04:00,1.555
2025-03-12 05:00,1.698
2025-03-12 06:00,1.994
2025-03-12 07:00,2.748
2025-03-12 08:00,4.132
2025-03-12 09:00,5.580
2025-03-12 10:00,6.464
2025-03-12 11:00,7.121
2025-03-12 12:00,7.426
2025-03-12 13:00,7.594
2025-03-12 14:00,7.462
2025-03-12 15:00,6.949
2025-03-12 16:00,5.150
2025-03-12 17:00,3.339
2025-03-12 18:00,2.889
2025-03-12 19:00,2.483
2025-03-12 20:00,1.993
2025-03-12 21:00,1.393
2025-03-12 22:00,0.898
2025-03-12 23:00,0.554
2025-03-13 00:00,0.144
2025-03-13 01:00,-0.115
2025-03-13 02:00,-0.312
2025-03-13 03:00,-0.212
2025-03-13 04:00,0.039
2025-03-13 05:00,0.044
2025-03-13 06:00,0.362
2025-03-13 07:00,1.349
2025-03-13 08:00,3.558
2025-03-13 09:00,5.171
2025-03-13 10:00,6.190
2025-03-13 11:00,6.797
2025-03-13 12:00,7.072
2025-03-13 13:00,7.048
2025-03-13 14:00,6.906
2025-03-13 15:00,6.319
2025-03-13 16:00,4.644
2025-03-13 17:00,2.591
2025-03-13 18:00,1.841
2025-03-13 19:00,1.082
2025-03-13 20:00,0.428
2025-03-13 21:00,-0.161
2025-03-13 22:00,-0.648
2025-03-13 23:00,-0.968
2025-03-14 00:00,-1.160
2025-03-14 01:00,-1.063
2025-03-14 02:00,-0.492
2025-03-14 03:00,0.196
2025-03-14 04:00,0.138
2025-03-14 05:00,-0.152
2025-03-14 06:00,0.050
2025-03-14 07:00,1.260
2025-03-14 08:00,3.009
2025-03-14 09:00,4.996
2025-03-14 10:00,5.796
2025-03-14 11:00,6.137
2025-03-14 12:00,6.002
2025-03-14 13:00,5.668
2025-03-14 14:00,5.155
2025-03-14 15:00,4.483
2025-03-14 16:00,3.427
2025-03-14 17:00,2.247
2025-03-14 18:00,1.875
2025-03-14 19:00,1.508
2025-03-14 20:00,1.044
2025-03-14 21:00,0.672
2025-03-14 22:00,0.379
2025-03-14 23:00,0.228
2025-03-15 00:00,0.255
2025-03-15 01:00,0.229
2025-03-15 02:00,0.195
2025-03-15 03:00,0.104
2025-03-15 04:00,0.017
2025-03-15 05:00,-0.065
2025-03-15 06:00,0.995
2025-03-15 07:00,2.365
2025-03-15 08:00,3.619
2025-03-15 09:00,4.995
2025-03-15 10:00,6.145
2025-03-15 11:00,6.839
2025-03-15 12:00,7.215
2025-03-15 13:00,7.270
2025-03-15 14:00,7.056
2025-03-15 15:00,6.431
2025-03-15 16:00,4.453
2025-03-15 17:00,1.938
2025-03-15 18:00,1.061
2025-03-15 19:00,0.359
2025-03-15 20:00,-0.200
2025-03-15 21:00,-0.703
2025-03-15 22:00,-1.185
2025-03-15 23:00,-1.664
2025-03-16 00:00,-1.983
2025-03-16 01:00,-2.021
2025-03-16 02:00,-2.014
2025-03-16 03:00,-1.722
2025-03-16 04:00,-1.352
2025-03-16 05:00,-1.257
2025-03-16 06:00,-0.304
2025-03-16 07:00,0.954
2025-03-16 08:00,3.001
2025-03-16 09:00,5.221
2025-03-16 10:00,6.804
2025-03-16 11:00,7.656
2025-03-16 12:00,8.201
2025-03-16 13:00,8.351
2025-03-16 14:00,7.934
2025-03-16 15:00,7.133
2025-03-16 16:00,6.105
2025-03-16 17:00,4.578
2025-03-16 18:00,3.436
2025-03-16 19:00,2.992
2025-03-16 20:00,2.999
2025-03-16 21:00,2.893
2025-03-16 22:00,2.532
2025-03-16 23:00,1.675
2025-03-17 00:00,0.689
2025-03-17 01:00,-0.270
2025-03-17 02:00,-1.051
2025-03-17 03:00,-1.501
2025-03-17 04:00,-2.082
2025-03-17 05:00,-2.414
2025-03-17 06:00,-0.250
2025-03-17 07:00,1.749
2025-03-17 08:00,3.366
2025-03-17 09:00,4.719
2025-03-17 10:00,5.709
2025-03-17 11:00,6.314
2025-03-17 12:00,6.632
2025-03-17 13:00,6.653
2025-03-17 14:00,6.320
2025-03-17 15:00,5.499
2025-03-17 16:00,3.139
2025-03-17 17:00,0.310
2025-03-17 18:00,-0.362
2025-03-17 19:00,-0.613
2025-03-17 20:00,-0.704
2025-03-17 21:00,-1.204
2025-03-17 22:00,-1.740
2025-03-17 23:00,-2.363
2025-03-18 00:00,-2.952
2025-03-18 01:00,-3.333
2025-03-18 02:00,-3.539
2025-03-18 03:00,-3.673
2025-03-18 04:00,-3.754
2025-03-18 05:00,-3.552
2025-03-18 06:00,-1.101
2025-03-18 07:00,0.713
2025-03-18 08:00,3.247
2025-03-18 09:00,6.220
2025-03-18 10:00,7.446
2025-03-18 11:00,8.190
2025-03-18 12:00,8.688
2025-03-18 13:00,8.913
2025-03-18 14:00,8.772
2025-03-18 15:00,8.100
2025-03-18 16:00,6.401
2025-03-18 17:00,4.977
2025-03-18 18:00,4.293
2025-03-18 19:00,3.669
2025-03-18 20:00,2.453
2025-03-18 21:00,1.274
2025-03-18 22:00,0.041
2025-03-18 23:00,-0.909
2025-03-19 00:00,-1.615
2025-03-19 01:00,-2.094
2025-03-19 02:00,-2.431
2025-03-19 03:00,-2.633
2025-03-19 04:00,-2.743
2025-03-19 05:00,-2.618
2025-03-19 06:00,-0.040
2025-03-19 07:00,1.878
2025-03-19 08:00,4.182
2025-03-19 09:00,7.577
2025-03-19 10:00,9.889
2025-03-19 11:00,11.005
2025-03-19 12:00,11.815
2025-03-19 13:00,12.272
2025-03-19 14:00,12.258
2025-03-19 15:00,11.440
2025-03-19 16:00,8.558
2025-03-19 17:00,5.819
2025-03-19 18:00,4.254
2025-03-19 19:00,3.334
2025-03-19 20:00,2.744
2025-03-19 21:00,2.216
2025-03-19 22:00,1.676
2025-03-19 23:00,1.186
2025-03-20 00:00,0.782
2025-03-20 01:00,0.446
2025-03-20 02:00,0.194
2025-03-20 03:00,0.067
2025-03-20 04:00,-0.148
2025-03-20 05:00,-0.132
2025-03-20 06:00,2.670
2025-03-20 07:00,4.944
2025-03-20 08:00,7.311
2025-03-20 09:00,10.534
2025-03-20 10:00,13.383
2025-03-20 11:00,15.235
2025-03-20 12:00,16.145
2025-03-20 13:00,16.250
2025-03-20 14:00,15.859
2025-03-20 15:00,14.610
2025-03-20 16:00,12.018
2025-03-20 17:00,9.932
2025-03-20 18:00,8.836
2025-03-20 19:00,7.675
2025-03-20 20:00,6.519
2025-03-20 21:00,5.541
2025-03-20 22:00,5.124
2025-03-20 23:00,4.941
2025-03-21 00:00,4.842
2025-03-21 01:00,4.639
2025-03-21 02:00,4.194
2025-03-21 03:00,3.459
2025-03-21 04:00,2.796
2025-03-21 05:00,2.262
2025-03-21 06:00,4.874
2025-03-21 07:00,7.741
2025-03-21 08:00,9.900
2025-03-21 09:00,12.848
2025-03-21 10:00,15.299
2025-03-21 11:00,16.478
2025-03-21 12:00,16.905
2025-03-21 13:00,16.819
2025-03-21 14:00,16.253
2025-03-21 15:00,14.862
2025-03-21 16:00,12.438
2025-03-21 17:00,10.102
2025-03-21 18:00,9.229
2025-03-21 19:00,8.268
2025-03-21 20:00,7.201
2025-03-21 21:00,6.236
2025-03-21 22:00,5.528
2025-03-21 23:00,5.039
2025-03-22 00:00,4.553
2025-03-22 01:00,4.254
2025-03-22 02:00,4.041
2025-03-22 03:00,3.774
2025-03-22 04:00,3.444
2025-03-22 05:00,3.240
2025-03-22 06:00,4.350
2025-03-22 07:00,6.299
2025-03-22 08:00,8.866
2025-03-22 09:00,11.065
2025-03-22 10:00,12.753
2025-03-22 11:00,13.748
2025-03-22 12:00,14.054
2025-03-22 13:00,13.802
2025-03-22 14:00,13.074
2025-03-22 15:00,11.780
2025-03-22 16:00,9.821
2025-03-22 17:00,7.646
2025-03-22 18:00,6.020
2025-03-22 19:00,5.021
2025-03-22 20:00,4.333
2025-03-22 21:00,3.884
2025-03-22 22:00,3.786
2025-03-22 23:00,3.889
2025-03-23 00:00,4.446
2025-03-23 01:00,4.425
2025-03-23 02:00,4.600
2025-03-23 03:00,4.542
2025-03-23 04:00,4.261
2025-03-23 05:00,4.113
2025-03-23 06:00,4.739
2025-03-23 07:00,6.201
2025-03-23 08:00,8.155
2025-03-23 09:00,10.176
2025-03-23 10:00,11.728
2025-03-23 11:00,12.723
2025-03-23 12:00,13.297
2025-03-23 13:00,13.539
2025-03-23 14:00,13.393
2025-03-23 15:00,12.724
2025-03-23 16:00,11.277
2025-03-23 17:00,9.454
2025-03-23 18:00,8.872
2025-03-23 19:00,8.636
2025-03-23 20:00,8.420
2025-03-23 21:00,8.031
2025-03-23 22:00,7.423
2025-03-23 23:00,6.849
2025-03-24 00:00,6.500
2025-03-24 01:00,6.342
2025-03-24 02:00,6.134
2025-03-24 03:00,5.845
2025-03-24 04:00,5.543
2025-03-24 05:00,5.516
2025-03-24 06:00,6.604
2025-03-24 07:00,7.763
2025-03-24 08:00,10.012
2025-03-24 09:00,12.419
2025-03-24 10:00,14.000
2025-03-24 11:00,15.071
2025-03-24 12:00,15.418
2025-03-24 13:00,15.226
2025-03-24 14:00,14.742
2025-03-24 15:00,13.895
2025-03-24 16:00,12.198
2025-03-24 17:00,9.684
2025-03-24 18:00,8.184
2025-03-24 19:00,7.015
2025-03-24 20:00,6.135
2025-03-24 21:00,5.642
2025-03-24 22:00,4.814
2025-03-24 23:00,4.030
2025-03-25 00:00,3.843
2025-03-25 01:00,3.907
2025-03-25 02:00,3.665
2025-03-25 03:00,3.487
2025-03-25 04:00,3.475
2025-03-25 05:00,3.683
2025-03-25 06:00,4.307
2025-03-25 07:00,5.351
2025-03-25 08:00,6.715
2025-03-25 09:00,7.932
2025-03-25 10:00,8.929
2025-03-25 11:00,9.739
2025-03-25 12:00,10.425
2025-03-25 13:00,10.845
2025-03-25 14:00,10.850
2025-03-25 15:00,10.365
2025-03-25 16:00,9.449
2025-03-25 17:00,8.592
2025-03-25 18:00,8.028
2025-03-25 19:00,7.654
2025-03-25 20:00,7.412
2025-03-25 21:00,7.138
2025-03-25 22:00,6.790
2025-03-25 23:00,6.476
2025-03-26 00:00,6.363
2025-03-26 01:00,6.253
2025-03-26 02:00,5.940
2025-03-26 03:00,5.645
2025-03-26 04:00,5.489
2025-03-26 05:00,5.501
2025-03-26 06:00,5.818
2025-03-26 07:00,6.404
2025-03-26 08:00,7.270
2025-03-26 09:00,8.910
2025-03-26 10:00,10.488
2025-03-26 11:00,11.597
2025-03-26 12:00,12.221
2025-03-26 13:00,12.359
2025-03-26 14:00,12.089
2025-03-26 15:00,11.386
2025-03-26 16:00,10.001
2025-03-26 17:00,7.552
2025-03-26 18:00,6.297
2025-03-26 19:00,5.594
2025-03-26 20:00,5.416
2025-03-26 21:00,5.157
2025-03-26 22:00,4.924
2025-03-26 23:00,4.719
2025-03-27 00:00,4.451
2025-03-27 01:00,4.280
2025-03-27 02:00,4.101
2025-03-27 03:00,3.791
2025-03-27 04:00,3.541
2025-03-27 05:00,3.440
2025-03-27 06:00,3.780
2025-03-27 07:00,4.652
2025-03-27 08:00,5.431
2025-03-27 09:00,6.782
2025-03-27 10:00,9.252
2025-03-27 11:00,11.164
2025-03-27 12:00,12.270
2025-03-27 13:00,12.861
2025-03-27 14:00,13.014
2025-03-27 15:00,12.704
2025-03-27 16:00,11.300
2025-03-27 17:00,8.107
2025-03-27 18:00,6.739
2025-03-27 19:00,6.063
2025-03-27 20:00,5.499
2025-03-27 21:00,4.993
2025-03-27 22:00,4.566
2025-03-27 23:00,4.182
2025-03-28 00:00,3.831
2025-03-28 01:00,3.452
2025-03-28 02:00,3.001
2025-03-28 03:00,2.430
2025-03-28 04:00,1.862
2025-03-28 05:00,2.278
2025-03-28 06:00,4.522
2025-03-28 07:00,6.592
2025-03-28 08:00,9.620
2025-03-28 09:00,12.948
2025-03-28 10:00,14.556
2025-03-28 11:00,15.535
2025-03-28 12:00,16.170
2025-03-28 13:00,16.452
2025-03-28 14:00,16.408
2025-03-28 15:00,15.771
2025-03-28 16:00,13.776
2025-03-28 17:00,10.566
2025-03-28 18:00,8.592
2025-03-28 19:00,7.758
2025-03-28 20:00,6.780
2025-03-28 21:00,6.138
2025-03-28 22:00,5.785
2025-03-28 23:00,5.573
2025-03-29 00:00,5.878
2025-03-29 01:00,5.925
2025-03-29 02:00,5.698
2025-03-29 03:00,5.478
2025-03-29 04:00,5.302
2025-03-29 05:00,5.226
2025-03-29 06:00,5.423
2025-03-29 07:00,6.599
2025-03-29 08:00,8.762
2025-03-29 09:00,10.695
2025-03-29 10:00,11.876
2025-03-29 11:00,12.588
2025-03-29 12:00,12.935
2025-03-29 13:00,12.925
2025-03-29 14:00,12.516
2025-03-29 15:00,11.664
2025-03-29 16:00,10.172
2025-03-29 17:00,7.201
2025-03-29 18:00,5.412
2025-03-29 19:00,4.344
2025-03-29 20:00,3.564
2025-03-29 21:00,3.522
2025-03-29 22:00,3.894
2025-03-29 23:00,4.236
2025-03-30 00:00,4.676
2025-03-30 01:00,4.647
2025-03-30 02:00,4.481
2025-03-30 03:00,4.391
2025-03-30 04:00,4.299
2025-03-30 05:00,4.295
2025-03-30 06:00,5.239
2025-03-30 07:00,7.495
2025-03-30 08:00,9.527
2025-03-30 09:00,10.415
2025-03-30 10:00,10.261
2025-03-30 11:00,9.340
2025-03-30 12:00,8.756
2025-03-30 13:00,8.479
2025-03-30 14:00,8.538
2025-03-30 15:00,8.687
2025-03-30 16:00,8.143
2025-03-30 17:00,7.326
2025-03-30 18:00,6.842
2025-03-30 19:00,6.630
2025-03-30 20:00,6.555
2025-03-30 21:00,6.418
2025-03-30 22:00,6.061
2025-03-30 23:00,5.566
2025-03-31 00:00,5.185
2025-03-31 01:00,4.830
2025-03-31 02:00,4.468
2025-03-31 03:00,3.900
2025-03-31 04:00,3.218
2025-03-31 05:00,3.515
2025-03-31 06:00,4.818
2025-03-31 07:00,6.366
2025-03-31 08:00,7.931
2025-03-31 09:00,9.356
2025-03-31 10:00,10.465
2025-03-31 11:00,11.201
2025-03-31 12:00,11.621
2025-03-31 13:00,11.759
2025-03-31 14:00,11.618
2025-03-31 15:00,11.144
2025-03-31 16:00,10.086
2025-03-31 17:00,7.296
2025-03-31 18:00,5.508
2025-03-31 19:00,4.516
2025-03-31 20:00,3.732
2025-03-31 21:00,3.106
2025-03-31 22:00,2.526
2025-03-31 23:00,1.967
2025-04-01 00:00,1.457
2025-04-01 01:00,0.997
2025-04-01 02:00,0.629
2025-04-01 03:00,0.570
2025-04-01 04:00,1.224
2025-04-01 05:00,2.859
2025-04-01 06:00,4.260
2025-04-01 07:00,6.125
2025-04-01 08:00,8.731
2025-04-01 09:00,11.256
2025-04-01 10:00,12.581
2025-04-01 11:00,13.286
2025-04-01 12:00,13.633
2025-04-01 13:00,13.659
2025-04-01 14:00,13.305
2025-04-01 15:00,12.503
2025-04-01 16:00,10.956
2025-04-01 17:00,7.976
2025-04-01 18:00,6.284
2025-04-01 19:00,5.448
2025-04-01 20:00,4.679
2025-04-01 21:00,4.087
2025-04-01 22:00,3.611
2025-04-01 23:00,3.191
2025-04-02 00:00,2.783
2025-04-02 01:00,2.492
2025-04-02 02:00,2.254
2025-04-02 03:00,2.137
2025-04-02 04:00,2.420
2025-04-02 05:00,3.009
2025-04-02 06:00,3.791
2025-04-02 07:00,4.871
2025-04-02 08:00,6.420
2025-04-02 09:00,9.109
2025-04-02 10:00,11.653
2025-04-02 11:00,13.692
2025-04-02 12:00,14.670
2025-04-02 13:00,14.824
2025-04-02 14:00,14.392
2025-04-02 15:00,13.427
2025-04-02 16:00,11.732
2025-04-02 17:00,8.913
2025-04-02 18:00,7.131
2025-04-02 19:00,6.218
2025-04-02 20:00,5.361
2025-04-02 21:00,4.601
2025-04-02 22:00,3.963
2025-04-02 23:00,3.412
2025-04-03 00:00,2.895
2025-04-03 01:00,2.400
2025-04-03 02:00,1.971
2025-04-03 03:00,1.600
2025-04-03 04:00,1.228
2025-04-03 05:00,2.366
2025-04-03 06:00,4.599
2025-04-03 07:00,7.016
2025-04-03 08:00,10.215
2025-04-03 09:00,12.601
2025-04-03 10:00,14.606
2025-04-03 11:00,15.887
2025-04-03 12:00,16.584
2025-04-03 13:00,16.854
2025-04-03 14:00,16.808
2025-04-03 15:00,16.185
2025-04-03 16:00,14.482
2025-04-03 17:00,11.079
2025-04-03 18:00,9.250
2025-04-03 19:00,8.608
2025-04-03 20:00,8.030
2025-04-03 21:00,7.432
2025-04-03 22:00,6.817
2025-04-03 23:00,6.219
2025-04-04 00:00,5.629
2025-04-04 01:00,5.095
2025-04-04 02:00,4.711
2025-04-04 03:00,4.658
2025-04-04 04:00,4.931
2025-04-04 05:00,5.963
2025-04-04 06:00,8.466
2025-04-04 07:00,10.478
2025-04-04 08:00,13.465
2025-04-04 09:00,16.783
2025-04-04 10:00,18.247
2025-04-04 11:00,18.996
2025-04-04 12:00,19.388
2025-04-04 13:00,19.394
2025-04-04 14:00,18.919
2025-04-04 15:00,17.731
2025-04-04 16:00,15.343
2025-04-04 17:00,12.090
2025-04-04 18:00,9.754
2025-04-04 19:00,8.144
2025-04-04 20:00,6.854
2025-04-04 21:00,5.909
2025-04-04 22:00,5.308
2025-04-04 23:00,4.896
2025-04-05 00:00,4.536
2025-04-05 01:00,4.324
2025-04-05 02:00,4.376
2025-04-05 03:00,4.300
2025-04-05 04:00,4.112
2025-04-05 05:00,4.752
2025-04-05 06:00,5.840
2025-04-05 07:00,6.825
2025-04-05 08:00,7.633
2025-04-05 09:00,8.984
2025-04-05 10:00,10.300
2025-04-05 11:00,10.866
2025-04-05 12:00,10.930
2025-04-05 13:00,10.681
2025-04-05 14:00,10.188
2025-04-05 15:00,9.408
2025-04-05 16:00,8.184
2025-04-05 17:00,5.836
2025-04-05 18:00,3.977
2025-04-05 19:00,3.433
2025-04-05 20:00,2.829
2025-04-05 21:00,2.190
2025-04-05 22:00,1.477
2025-04-05 23:00,0.668
2025-04-06 00:00,-0.141
2025-04-06 01:00,-0.728
2025-04-06 02:00,-0.836
2025-04-06 03:00,-0.608
2025-04-06 04:00,-0.310
2025-04-06 05:00,0.509
2025-04-06 06:00,2.818
2025-04-06 07:00,5.367
2025-04-06 08:00,7.011
2025-04-06 09:00,8.085
2025-04-06 10:00,8.884
2025-04-06 11:00,9.445
2025-04-06 12:00,9.762
2025-04-06 13:00,9.785
2025-04-06 14:00,9.510
2025-04-06 15:00,8.896
2025-04-06 16:00,7.817
2025-04-06 17:00,5.258
2025-04-06 18:00,3.421
2025-04-06 19:00,3.211
2025-04-06 20:00,3.278
2025-04-06 21:00,3.017
2025-04-06 22:00,2.779
2025-04-06 23:00,2.139
2025-04-07 00:00,1.263
2025-04-07 01:00,0.494
2025-04-07 02:00,-0.206
2025-04-07 03:00,-0.626
2025-04-07 04:00,-0.971
2025-04-07 05:00,0.837
2025-04-07 06:00,3.690
2025-04-07 07:00,6.355
2025-04-07 08:00,8.787
2025-04-07 09:00,10.274
2025-04-07 10:00,11.324
2025-04-07 11:00,12.006
2025-04-07 12:00,12.321
2025-04-07 13:00,12.245
2025-04-07 14:00,11.871
2025-04-07 15:00,11.140
2025-04-07 16:00,9.982
2025-04-07 17:00,7.442
2025-04-07 18:00,5.172
2025-04-07 19:00,4.364
2025-04-07 20:00,3.629
2025-04-07 21:00,2.998
2025-04-07 22:00,2.460
2025-04-07 23:00,1.991
2025-04-08 00:00,1.763
2025-04-08 01:00,1.837
2025-04-08 02:00,2.273
2025-04-08 03:00,2.781
2025-04-08 04:00,3.134
2025-04-08 05:00,3.214
2025-04-08 06:00,3.701
2025-04-08 07:00,5.419
2025-04-08 08:00,8.239
2025-04-08 09:00,11.485
2025-04-08 10:00,13.112
2025-04-08 11:00,13.880
2025-04-08 12:00,14.321
2025-04-08 13:00,14.420
2025-04-08 14:00,14.130
2025-04-08 15:00,13.571
2025-04-08 16:00,12.609
2025-04-08 17:00,10.632
2025-04-08 18:00,8.779
2025-04-08 19:00,7.860
2025-04-08 20:00,6.880
2025-04-08 21:00,5.965
2025-04-08 22:00,5.050
2025-04-08 23:00,4.284
2025-04-09 00:00,3.722
2025-04-09 01:00,3.150
2025-04-09 02:00,3.022
2025-04-09 03:00,3.409
2025-04-09 04:00,3.907
2025-04-09 05:00,4.054
2025-04-09 06:00,4.690
2025-04-09 07:00,6.488
2025-04-09 08:00,8.774
2025-04-09 09:00,10.601
2025-04-09 10:00,11.691
2025-04-09 11:00,12.188
2025-04-09 12:00,12.301
2025-04-09 13:00,12.089
2025-04-09 14:00,11.502
2025-04-09 15:00,10.529
2025-04-09 16:00,9.225
2025-04-09 17:00,8.023
2025-04-09 18:00,7.102
2025-04-09 19:00,6.577
2025-04-09 20:00,6.163
2025-04-09 21:00,5.461
2025-04-09 22:00,5.049
2025-04-09 23:00,4.858
2025-04-10 00:00,4.896
2025-04-10 01:00,5.122
2025-04-10 02:00,5.200
2025-04-10 03:00,5.255
2025-04-10 04:00,5.298
2025-04-10 05:00,5.418
2025-04-10 06:00,5.773
2025-04-10 07:00,6.727
2025-04-10 08:00,8.773
2025-04-10 09:00,11.009
2025-04-10 10:00,12.395
2025-04-10 11:00,13.348
2025-04-10 12:00,13.891
2025-04-10 13:00,13.963
2025-04-10 14:00,13.600
2025-04-10 15:00,12.737
2025-04-10 16:00,11.211
2025-04-10 17:00,8.946
2025-04-10 18:00,6.833
2025-04-10 19:00,5.859
2025-04-10 20:00,5.606
2025-04-10 21:00,5.958
2025-04-10 22:00,6.262
2025-04-10 23:00,6.491
2025-04-11 00:00,6.608
2025-04-11 01:00,6.203
2025-04-11 02:00,5.879
2025-04-11 03:00,5.850
2025-04-11 04:00,6.009
2025-04-11 05:00,6.458
2025-04-11 06:00,7.777
2025-04-11 07:00,9.808
2025-04-11 08:00,11.586
2025-04-11 09:00,12.998
2025-04-11 10:00,14.244
2025-04-11 11:00,14.934
2025-04-11 12:00,14.779
2025-04-11 13:00,14.181
2025-04-11 14:00,13.553
2025-04-11 15:00,12.759
2025-04-11 16:00,11.775
2025-04-11 17:00,10.648
2025-04-11 18:00,9.366
2025-04-11 19:00,8.759
2025-04-11 20:00,8.413
2025-04-11 21:00,8.195
2025-04-11 22:00,8.066
2025-04-11 23:00,7.886
2025-04-12 00:00,7.597
2025-04-12 01:00,7.054
2025-04-12 02:00,6.837
2025-04-12 03:00,6.470
2025-04-12 04:00,6.056
2025-04-12 05:00,7.188
2025-04-12 06:00,8.416
2025-04-12 07:00,10.171
2025-04-12 08:00,11.971
2025-04-12 09:00,13.591
2025-04-12 10:00,15.093
2025-04-12 11:00,16.444
2025-04-12 12:00,17.624
2025-04-12 13:00,18.266
2025-04-12 14:00,18.476
2025-04-12 15:00,18.198
2025-04-12 16:00,17.109
2025-04-12 17:00,13.900
2025-04-12 18:00,11.504
2025-04-12 19:00,10.999
2025-04-12 20:00,10.421
2025-04-12 21:00,9.797
2025-04-12 22:00,9.296
2025-04-12 23:00,8.898
2025-04-13 00:00,8.520
2025-04-13 01:00,8.086
2025-04-13 02:00,7.572
2025-04-13 03:00,7.037
2025-04-13 04:00,6.788
2025-04-13 05:00,7.867
2025-04-13 06:00,9.672
2025-04-13 07:00,11.899
2025-04-13 08:00,13.940
2025-04-13 09:00,16.450
2025-04-13 10:00,17.127
2025-04-13 11:00,16.610
2025-04-13 12:00,16.823
2025-04-13 13:00,17.244
2025-04-13 14:00,17.349
2025-04-13 15:00,16.787
2025-04-13 16:00,15.733
2025-04-13 17:00,13.567
2025-04-13 18:00,10.924
2025-04-13 19:00,9.242
2025-04-13 20:00,7.834
2025-04-13 21:00,7.066
2025-04-13 22:00,6.775
2025-04-13 23:00,6.951
2025-04-14 00:00,7.347
2025-04-14 01:00,7.880
2025-04-14 02:00,8.166
2025-04-14 03:00,8.365
2025-04-14 04:00,8.319
2025-04-14 05:00,9.024
2025-04-14 06:00,10.458
2025-04-14 07:00,12.462
2025-04-14 08:00,13.858
2025-04-14 09:00,14.791
2025-04-14 10:00,15.398
2025-04-14 11:00,15.827
2025-04-14 12:00,16.074
2025-04-14 13:00,16.150
2025-04-14 14:00,16.047
2025-04-14 15:00,15.756
2025-04-14 16:00,15.226
2025-04-14 17:00,13.446
2025-04-14 18:00,10.640
2025-04-14 19:00,10.171
2025-04-14 20:00,10.198
2025-04-14 21:00,10.003
2025-04-14 22:00,9.472
2025-04-14 23:00,9.023
2025-04-15 00:00,8.658
2025-04-15 01:00,8.447
2025-04-15 02:00,8.553
2025-04-15 03:00,9.134
2025-04-15 04:00,10.064
2025-04-15 05:00,11.119
2025-04-15 06:00,12.329
2025-04-15 07:00,14.081
2025-04-15 08:00,16.214
2025-04-15 09:00,18.285
2025-04-15 10:00,20.054
2025-04-15 11:00,21.194
2025-04-15 12:00,21.729
2025-04-15 13:00,21.739
2025-04-15 14:00,21.172
2025-04-15 15:00,20.263
2025-04-15 16:00,19.126
2025-04-15 17:00,17.723
2025-04-15 18:00,16.512
2025-04-15 19:00,15.895
2025-04-15 20:00,15.352
2025-04-15 21:00,14.880
2025-04-15 22:00,14.589
2025-04-15 23:00,14.355
2025-04-16 00:00,14.032
2025-04-16 01:00,13.359
2025-04-16 02:00,12.517
2025-04-16 03:00,11.358
2025-04-16 04:00,10.340
2025-04-16 05:00,11.952
2025-04-16 06:00,13.582
2025-04-16 07:00,16.072
2025-04-16 08:00,18.080
2025-04-16 09:00,19.389
2025-04-16 10:00,20.413
2025-04-16 11:00,21.249
2025-04-16 12:00,21.856
2025-04-16 13:00,22.122
2025-04-16 14:00,21.994
2025-04-16 15:00,21.262
2025-04-16 16:00,19.537
2025-04-16 17:00,17.659
2025-04-16 18:00,16.094
2025-04-16 19:00,14.910
2025-04-16 20:00,14.103
2025-04-16 21:00,13.546
2025-04-16 22:00,12.982
2025-04-16 23:00,12.452
2025-04-17 00:00,11.921
2025-04-17 01:00,11.158
2025-04-17 02:00,10.339
2025-04-17 03:00,9.584
2025-04-17 04:00,9.185
2025-04-17 05:00,9.602
2025-04-17 06:00,10.746
2025-04-17 07:00,12.171
2025-04-17 08:00,13.373
2025-04-17 09:00,14.007
2025-04-17 10:00,14.257
2025-04-17 11:00,14.308
2025-04-17 12:00,14.020
2025-04-17 13:00,13.482
2025-04-17 14:00,12.856
2025-04-17 15:00,12.228
2025-04-17 16:00,11.566
2025-04-17 17:00,10.823
2025-04-17 18:00,10.087
2025-04-17 19:00,9.464
2025-04-17 20:00,8.902
2025-04-17 21:00,8.564
2025-04-17 22:00,8.388
2025-04-17 23:00,8.259
2025-04-18 00:00,8.187
2025-04-18 01:00,8.103
2025-04-18 02:00,8.002
2025-04-18 03:00,7.859
2025-04-18 04:00,7.711
2025-04-18 05:00,7.717
2025-04-18 06:00,7.934
2025-04-18 07:00,8.339
2025-04-18 08:00,8.785
2025-04-18 09:00,9.064
2025-04-18 10:00,9.349
2025-04-18 11:00,9.496
2025-04-18 12:00,9.537
2025-04-18 13:00,9.499
2025-04-18 14:00,9.547
2025-04-18 15:00,9.581
2025-04-18 16:00,9.536
2025-04-18 17:00,9.161
2025-04-18 18:00,8.613
2025-04-18 19:00,8.525
2025-04-18 20:00,8.485
2025-04-18 21:00,8.420
2025-04-18 22:00,8.245
2025-04-18 23:00,8.031
2025-04-19 00:00,7.820
2025-04-19 01:00,7.528
2025-04-19 02:00,7.092
2025-04-19 03:00,6.752
2025-04-19 04:00,6.526
2025-04-19 05:00,6.570
2025-04-19 06:00,6.563
2025-04-19 07:00,6.767
2025-04-19 08:00,7.201
2025-04-19 09:00,7.869
2025-04-19 10:00,8.677
2025-04-19 11:00,9.422
2025-04-19 12:00,9.734
2025-04-19 13:00,9.878
2025-04-19 14:00,9.767
2025-04-19 15:00,9.554
2025-04-19 16:00,9.239
2025-04-19 17:00,8.590
2025-04-19 18:00,7.360
2025-04-19 19:00,6.810
2025-04-19 20:00,6.308
2025-04-19 21:00,5.844
2025-04-19 22:00,5.336
2025-04-19 23:00,4.904
2025-04-20 00:00,4.553
2025-04-20 01:00,4.530
2025-04-20 02:00,4.531
2025-04-20 03:00,4.402
2025-04-20 04:00,4.381
2025-04-20 05:00,4.784
2025-04-20 06:00,5.454
2025-04-20 07:00,6.520
2025-04-20 08:00,8.178
2025-04-20 09:00,10.077
2025-04-20 10:00,11.540
2025-04-20 11:00,12.806
2025-04-20 12:00,13.901
2025-04-20 13:00,14.423
2025-04-20 14:00,14.413
2025-04-20 15:00,14.056
2025-04-20 16:00,13.294
2025-04-20 17:00,11.466
2025-04-20 18:00,8.538
2025-04-20 19:00,7.575
2025-04-20 20:00,7.256
2025-04-20 21:00,7.265
2025-04-20 22:00,7.240
2025-04-20 23:00,7.082
2025-04-21 00:00,6.925
2025-04-21 01:00,6.826
2025-04-21 02:00,7.180
2025-04-21 03:00,7.358
2025-04-21 04:00,7.342
2025-04-21 05:00,7.825
2025-04-21 06:00,8.376
2025-04-21 07:00,9.553
2025-04-21 08:00,11.046
2025-04-21 09:00,12.461
2025-04-21 10:00,13.922
2025-04-21 11:00,15.193
2025-04-21 12:00,16.075
2025-04-21 13:00,16.456
2025-04-21 14:00,16.471
2025-04-21 15:00,16.185
2025-04-21 16:00,15.730
2025-04-21 17:00,14.628
2025-04-21 18:00,13.830
2025-04-21 19:00,13.194
2025-04-21 20:00,12.587
2025-04-21 21:00,11.772
2025-04-21 22:00,11.158
2025-04-21 23:00,10.780
2025-04-22 00:00,10.450
2025-04-22 01:00,10.102
2025-04-22 02:00,9.639
2025-04-22 03:00,9.150
2025-04-22 04:00,8.920
2025-04-22 05:00,10.328
2025-04-22 06:00,11.808
2025-04-22 07:00,13.499
2025-04-22 08:00,14.815
2025-04-22 09:00,15.521
2025-04-22 10:00,15.828
2025-04-22 11:00,15.940
2025-04-22 12:00,15.800
2025-04-22 13:00,15.453
2025-04-22 14:00,15.069
2025-04-22 15:00,14.416
2025-04-22 16:00,13.801
2025-04-22 17:00,12.870
2025-04-22 18:00,10.796
2025-04-22 19:00,9.963
2025-04-22 20:00,9.603
2025-04-22 21:00,9.346
2025-04-22 22:00,9.208
2025-04-22 23:00,9.004
2025-04-23 00:00,8.820
2025-04-23 01:00,8.623
2025-04-23 02:00,8.349
2025-04-23 03:00,7.893
2025-04-23 04:00,7.687
2025-04-23 05:00,9.137
2025-04-23 06:00,10.234
2025-04-23 07:00,11.230
2025-04-23 08:00,12.069
2025-04-23 09:00,13.315
2025-04-23 10:00,14.779
2025-04-23 11:00,15.764
2025-04-23 12:00,16.170
2025-04-23 13:00,16.272
2025-04-23 14:00,16.099
2025-04-23 15:00,15.591
2025-04-23 16:00,14.685
2025-04-23 17:00,13.249
2025-04-23 18:00,11.892
2025-04-23 19:00,11.304
2025-04-23 20:00,10.744
2025-04-23 21:00,10.373
2025-04-23 22:00,10.070
2025-04-23 23:00,9.916
2025-04-24 00:00,9.726
2025-04-24 01:00,9.533
2025-04-24 02:00,9.321
2025-04-24 03:00,9.083
2025-04-24 04:00,8.936
2025-04-24 05:00,9.190
2025-04-24 06:00,9.881
2025-04-24 07:00,10.988
2025-04-24 08:00,12.284
2025-04-24 09:00,13.512
2025-04-24 10:00,14.456
2025-04-24 11:00,15.094
2025-04-24 12:00,15.444
2025-04-24 13:00,15.455
2025-04-24 14:00,15.105
2025-04-24 15:00,14.400
2025-04-24 16:00,13.434
2025-04-24 17:00,12.122
2025-04-24 18:00,10.379
2025-04-24 19:00,9.422
2025-04-24 20:00,8.654
2025-04-24 21:00,7.788
2025-04-24 22:00,6.985
2025-04-24 23:00,6.708
2025-04-25 00:00,6.729
2025-04-25 01:00,6.763
2025-04-25 02:00,6.724
2025-04-25 03:00,6.722
2025-04-25 04:00,6.873
2025-04-25 05:00,7.259
2025-04-25 06:00,7.875
2025-04-25 07:00,8.866
2025-04-25 08:00,10.975
2025-04-25 09:00,13.105
2025-04-25 10:00,14.328
2025-04-25 11:00,15.036
2025-04-25 12:00,15.382
2025-04-25 13:00,15.466
2025-04-25 14:00,15.233
2025-04-25 15:00,14.861
2025-04-25 16:00,14.167
2025-04-25 17:00,12.681
2025-04-25 18:00,9.921
2025-04-25 19:00,8.481
2025-04-25 20:00,7.535
2025-04-25 21:00,6.723
2025-04-25 22:00,6.005
2025-04-25 23:00,5.339
2025-04-26 00:00,4.685
2025-04-26 01:00,4.022
2025-04-26 02:00,3.387
2025-04-26 03:00,2.850
2025-04-26 04:00,3.289
2025-04-26 05:00,5.441
2025-04-26 06:00,7.741
2025-04-26 07:00,10.384
2025-04-26 08:00,12.716
2025-04-26 09:00,14.370
2025-04-26 10:00,15.543
2025-04-26 11:00,16.346
2025-04-26 12:00,16.833
2025-04-26 13:00,17.014
2025-04-26 14:00,16.875
2025-04-26 15:00,16.356
2025-04-26 16:00,15.405
2025-04-26 17:00,13.546
2025-04-26 18:00,10.871
2025-04-26 19:00,9.692
2025-04-26 20:00,8.821
2025-04-26 21:00,7.825
2025-04-26 22:00,6.822
2025-04-26 23:00,5.851
2025-04-27 00:00,4.921
2025-04-27 01:00,4.049
2025-04-27 02:00,3.243
2025-04-27 03:00,2.533
2025-04-27 04:00,2.740
2025-04-27 05:00,4.515
2025-04-27 06:00,6.859
2025-04-27 07:00,10.262
2025-04-27 08:00,12.506
2025-04-27 09:00,13.907
2025-04-27 10:00,14.859
2025-04-27 11:00,15.613
2025-04-27 12:00,16.168
2025-04-27 13:00,16.516
2025-04-27 14:00,16.600
2025-04-27 15:00,16.407
2025-04-27 16:00,15.792
2025-04-27 17:00,14.001
2025-04-27 18:00,10.966
2025-04-27 19:00,9.449
2025-04-27 20:00,8.575
2025-04-27 21:00,7.801
2025-04-27 22:00,7.008
2025-04-27 23:00,6.265
2025-04-28 00:00,5.572
2025-04-28 01:00,4.945
2025-04-28 02:00,4.453
2025-04-28 03:00,4.131
2025-04-28 04:00,4.797
2025-04-28 05:00,7.726
2025-04-28 06:00,9.818
2025-04-28 07:00,12.592
2025-04-28 08:00,16.435
2025-04-28 09:00,17.815
2025-04-28 10:00,18.669
2025-04-28 11:00,19.305
2025-04-28 12:00,19.712
2025-04-28 13:00,19.767
2025-04-28 14:00,19.354
2025-04-28 15:00,18.533
2025-04-28 16:00,17.222
2025-04-28 17:00,15.181
2025-04-28 18:00,12.824
2025-04-28 19:00,11.575
2025-04-28 20:00,10.804
2025-04-28 21:00,10.098
2025-04-28 22:00,9.512
2025-04-28 23:00,8.997
2025-04-29 00:00,8.738
2025-04-29 01:00,8.545
2025-04-29 02:00,8.556
2025-04-29 03:00,8.473
2025-04-29 04:00,8.957
2025-04-29 05:00,10.572
2025-04-29 06:00,12.355
2025-04-29 07:00,14.595
2025-04-29 08:00,16.272
2025-04-29 09:00,17.575
2025-04-29 10:00,18.583
2025-04-29 11:00,19.272
2025-04-29 12:00,19.719
2025-04-29 13:00,19.863
2025-04-29 14:00,19.756
2025-04-29 15:00,19.348
2025-04-29 16:00,18.554
2025-04-29 17:00,17.211
2025-04-29 18:00,14.478
2025-04-29 19:00,12.807
2025-04-29 20:00,11.781
2025-04-29 21:00,10.668
2025-04-29 22:00,9.677
2025-04-29 23:00,8.926
2025-04-30 00:00,8.349
2025-04-30 01:00,7.892
2025-04-30 02:00,7.546
2025-04-30 03:00,7.302
2025-04-30 04:00,8.013
2025-04-30 05:00,9.997
2025-04-30 06:00,11.689
2025-04-30 07:00,14.893
2025-04-30 08:00,16.417
2025-04-30 09:00,17.707
2025-04-30 10:00,18.892
2025-04-30 11:00,19.735
2025-04-30 12:00,20.327
2025-04-30 13:00,20.693
2025-04-30 14:00,20.701
2025-04-30 15:00,20.331
2025-04-30 16:00,19.552
2025-04-30 17:00,17.991
2025-04-30 18:00,15.173
2025-04-30 19:00,13.734
2025-04-30 20:00,13.040
2025-04-30 21:00,12.496
2025-04-30 22:00,11.672
2025-04-30 23:00,10.529
2025-05-01 00:00,9.805
2025-05-01 01:00,9.291
2025-05-01 02:00,8.901
2025-05-01 03:00,8.569
2025-05-01 04:00,9.281
2025-05-01 05:00,12.037
2025-05-01 06:00,14.076
2025-05-01 07:00,16.995
2025-05-01 08:00,19.409
2025-05-01 09:00,21.091
2025-05-01 10:00,22.295
2025-05-01 11:00,23.115
2025-05-01 12:00,23.655
2025-05-01 13:00,23.931
2025-05-01 14:00,23.997
2025-05-01 15:00,23.749
2025-05-01 16:00,23.163
2025-05-01 17:00,21.211
2025-05-01 18:00,18.415
2025-05-01 19:00,17.310
2025-05-01 20:00,16.732
2025-05-01 21:00,16.178
2025-05-01 22:00,15.638
2025-05-01 23:00,15.027
2025-05-02 00:00,14.403
2025-05-02 01:00,13.789
2025-05-02 02:00,13.411
2025-05-02 03:00,13.157
2025-05-02 04:00,13.505
2025-05-02 05:00,14.419
2025-05-02 06:00,15.414
2025-05-02 07:00,17.117
2025-05-02 08:00,19.251
2025-05-02 09:00,19.815
2025-05-02 10:00,19.944
2025-05-02 11:00,20.263
2025-05-02 12:00,20.114
2025-05-02 13:00,19.380
2025-05-02 14:00,18.443
2025-05-02 15:00,17.456
2025-05-02 16:00,16.386
2025-05-02 17:00,15.102
2025-05-02 18:00,13.282
2025-05-02 19:00,11.755
2025-05-02 20:00,10.563
2025-05-02 21:00,9.470
2025-05-02 22:00,8.672
2025-05-02 23:00,8.173
2025-05-03 00:00,7.666
2025-05-03 01:00,7.306
2025-05-03 02:00,7.031
2025-05-03 03:00,6.382
2025-05-03 04:00,7.059
2025-05-03 05:00,9.323
2025-05-03 06:00,11.129
2025-05-03 07:00,12.350
2025-05-03 08:00,13.516
2025-05-03 09:00,14.615
2025-05-03 10:00,15.534
2025-05-03 11:00,16.262
2025-05-03 12:00,16.680
2025-05-03 13:00,16.709
2025-05-03 14:00,16.284
2025-05-03 15:00,15.338
2025-05-03 16:00,13.773
2025-05-03 17:00,12.136
2025-05-03 18:00,10.411
2025-05-03 19:00,9.077
2025-05-03 20:00,8.445
2025-05-03 21:00,8.137
2025-05-03 22:00,7.962
2025-05-03 23:00,7.906
2025-05-04 00:00,7.733
2025-05-04 01:00,7.386
2025-05-04 02:00,7.308
2025-05-04 03:00,7.431
2025-05-04 04:00,7.774
2025-05-04 05:00,8.359
2025-05-04 06:00,8.975
2025-05-04 07:00,9.984
2025-05-04 08:00,11.126
2025-05-04 09:00,11.996
2025-05-04 10:00,12.570
2025-05-04 11:00,12.971
2025-05-04 12:00,12.959
2025-05-04 13:00,12.718
2025-05-04 14:00,12.182
2025-05-04 15:00,11.526
2025-05-04 16:00,10.862
2025-05-04 17:00,10.227
2025-05-04 18:00,8.989
2025-05-04 19:00,7.661
2025-05-04 20:00,7.146
2025-05-04 21:00,6.654
2025-05-04 22:00,6.262
2025-05-04 23:00,5.919
2025-05-05 00:00,5.584
2025-05-05 01:00,5.200
2025-05-05 02:00,4.866
2025-05-05 03:00,4.773
2025-05-05 04:00,5.683
2025-05-05 05:00,7.153
2025-05-05 06:00,8.167
2025-05-05 07:00,8.993
2025-05-05 08:00,9.836
2025-05-05 09:00,10.742
2025-05-05 10:00,11.485
2025-05-05 11:00,12.160
2025-05-05 12:00,12.636
2025-05-05 13:00,12.932
2025-05-05 14:00,12.908
2025-05-05 15:00,12.616
2025-05-05 16:00,12.104
2025-05-05 17:00,11.142
2025-05-05 18:00,8.752
2025-05-05 19:00,7.229
2025-05-05 20:00,6.514
2025-05-05 21:00,5.634
2025-05-05 22:00,4.922
2025-05-05 23:00,4.373
2025-05-06 00:00,3.739
2025-05-06 01:00,3.114
2025-05-06 02:00,2.724
2025-05-06 03:00,2.673
2025-05-06 04:00,4.607
2025-05-06 05:00,7.225
2025-05-06 06:00,8.997
2025-05-06 07:00,10.317
2025-05-06 08:00,10.960
2025-05-06 09:00,11.506
2025-05-06 10:00,12.146
2025-05-06 11:00,13.282
2025-05-06 12:00,14.270
2025-05-06 13:00,14.798
2025-05-06 14:00,15.036
2025-05-06 15:00,14.782
2025-05-06 16:00,14.059
2025-05-06 17:00,12.673
2025-05-06 18:00,10.611
2025-05-06 19:00,9.231
2025-05-06 20:00,8.843
2025-05-06 21:00,8.508
2025-05-06 22:00,8.126
2025-05-06 23:00,7.704
2025-05-07 00:00,7.267
2025-05-07 01:00,6.826
2025-05-07 02:00,6.426
2025-05-07 03:00,6.099
2025-05-07 04:00,6.859
2025-05-07 05:00,8.772
2025-05-07 06:00,10.463
2025-05-07 07:00,12.269
2025-05-07 08:00,13.696
2025-05-07 09:00,14.604
2025-05-07 10:00,15.204
2025-05-07 11:00,15.617
2025-05-07 12:00,15.869
2025-05-07 13:00,16.005
2025-05-07 14:00,15.917
2025-05-07 15:00,15.558
2025-05-07 16:00,14.956
2025-05-07 17:00,13.780
2025-05-07 18:00,11.558
2025-05-07 19:00,10.012
2025-05-07 20:00,9.333
2025-05-07 21:00,8.490
2025-05-07 22:00,7.622
2025-05-07 23:00,6.722
2025-05-08 00:00,5.804
2025-05-08 01:00,4.989
2025-05-08 02:00,4.240
2025-05-08 03:00,3.644
2025-05-08 04:00,4.795
2025-05-08 05:00,7.122
2025-05-08 06:00,9.258
2025-05-08 07:00,12.667
2025-05-08 08:00,14.220
2025-05-08 09:00,15.167
2025-05-08 10:00,15.709
2025-05-08 11:00,16.040
2025-05-08 12:00,16.151
2025-05-08 13:00,16.076
2025-05-08 14:00,15.941
2025-05-08 15:00,15.649
2025-05-08 16:00,15.108
2025-05-08 17:00,13.942
2025-05-08 18:00,11.396
2025-05-08 19:00,9.471
2025-05-08 20:00,8.625
2025-05-08 21:00,7.876
2025-05-08 22:00,7.314
2025-05-08 23:00,6.873
2025-05-09 00:00,6.455
2025-05-09 01:00,6.478
2025-05-09 02:00,6.338
2025-05-09 03:00,6.186
2025-05-09 04:00,6.869
2025-05-09 05:00,8.870
2025-05-09 06:00,11.219
2025-05-09 07:00,14.181
2025-05-09 08:00,15.590
2025-05-09 09:00,16.751
2025-05-09 10:00,17.715
2025-05-09 11:00,18.413
2025-05-09 12:00,18.830
2025-05-09 13:00,18.960
2025-05-09 14:00,18.785
2025-05-09 15:00,18.224
2025-05-09 16:00,17.166
2025-05-09 17:00,15.402
2025-05-09 18:00,12.939
2025-05-09 19:00,11.020
2025-05-09 20:00,10.067
2025-05-09 21:00,9.165
2025-05-09 22:00,8.121
2025-05-09 23:00,7.187
2025-05-10 00:00,6.558
2025-05-10 01:00,6.340
2025-05-10 02:00,6.286
2025-05-10 03:00,6.257
2025-05-10 04:00,7.601
2025-05-10 05:00,9.108
2025-05-10 06:00,10.971
2025-05-10 07:00,12.591
2025-05-10 08:00,14.002
2025-05-10 09:00,15.083
2025-05-10 10:00,15.829
2025-05-10 11:00,16.290
2025-05-10 12:00,16.817
2025-05-10 13:00,17.444
2025-05-10 14:00,17.893
2025-05-10 15:00,17.913
2025-05-10 16:00,17.513
2025-05-10 17:00,16.566
2025-05-10 18:00,14.192
2025-05-10 19:00,12.248
2025-05-10 20:00,11.660
2025-05-10 21:00,11.106
2025-05-10 22:00,10.443
2025-05-10 23:00,9.743
2025-05-11 00:00,9.038
2025-05-11 01:00,8.278
2025-05-11 02:00,7.601
2025-05-11 03:00,7.185
2025-05-11 04:00,7.868
2025-05-11 05:00,9.285
2025-05-11 06:00,11.277
2025-05-11 07:00,13.245
2025-05-11 08:00,15.065
2025-05-11 09:00,16.538
2025-05-11 10:00,17.673
2025-05-11 11:00,18.505
2025-05-11 12:00,19.072
2025-05-11 13:00,19.322
2025-05-11 14:00,19.275
2025-05-11 15:00,18.845
2025-05-11 16:00,18.020
2025-05-11 17:00,16.506
2025-05-11 18:00,14.319
2025-05-11 19:00,12.541
2025-05-11 20:00,11.331
2025-05-11 21:00,10.189
2025-05-11 22:00,9.077
2025-05-11 23:00,8.028
2025-05-12 00:00,7.139
2025-05-12 01:00,6.402
2025-05-12 02:00,5.747
2025-05-12 03:00,5.143
2025-05-12 04:00,5.593
2025-05-12 05:00,7.226
2025-05-12 06:00,9.380
2025-05-12 07:00,11.140
2025-05-12 08:00,12.590
2025-05-12 09:00,13.814
2025-05-12 10:00,14.703
2025-05-12 11:00,15.296
2025-05-12 12:00,15.679
2025-05-12 13:00,15.849
2025-05-12 14:00,15.778
2025-05-12 15:00,15.416
2025-05-12 16:00,14.713
2025-05-12 17:00,13.486
2025-05-12 18:00,11.327
2025-05-12 19:00,9.488
2025-05-12 20:00,8.560
2025-05-12 21:00,7.666
2025-05-12 22:00,6.847
2025-05-12 23:00,6.084
2025-05-13 00:00,5.381
2025-05-13 01:00,4.716
2025-05-13 02:00,4.126
2025-05-13 03:00,3.671
2025-05-13 04:00,5.205
2025-05-13 05:00,7.337
2025-05-13 06:00,10.072
2025-05-13 07:00,12.967
2025-05-13 08:00,14.883
2025-05-13 09:00,16.334
2025-05-13 10:00,17.628
2025-05-13 11:00,18.600
2025-05-13 12:00,19.231
2025-05-13 13:00,19.595
2025-05-13 14:00,19.657
2025-05-13 15:00,19.439
2025-05-13 16:00,19.021
2025-05-13 17:00,18.098
2025-05-13 18:00,15.784
2025-05-13 19:00,14.279
2025-05-13 20:00,13.560
2025-05-13 21:00,12.861
2025-05-13 22:00,11.955
2025-05-13 23:00,11.086
2025-05-14 00:00,10.139
2025-05-14 01:00,9.217
2025-05-14 02:00,8.289
2025-05-14 03:00,7.661
2025-05-14 04:00,9.202
2025-05-14 05:00,11.212
2025-05-14 06:00,13.162
2025-05-14 07:00,14.621
2025-05-14 08:00,15.505
2025-05-14 09:00,16.188
2025-05-14 10:00,16.854
2025-05-14 11:00,17.361
2025-05-14 12:00,17.272
2025-05-14 13:00,16.767
2025-05-14 14:00,16.492
2025-05-14 15:00,16.187
2025-05-14 16:00,15.542
2025-05-14 17:00,14.583
2025-05-14 18:00,13.391
2025-05-14 19:00,12.024
2025-05-14 20:00,11.127
2025-05-14 21:00,10.282
2025-05-14 22:00,9.089
2025-05-14 23:00,8.275
2025-05-15 00:00,7.830
2025-05-15 01:00,7.347
2025-05-15 02:00,6.880
2025-05-15 03:00,6.652
2025-05-15 04:00,8.179
2025-05-15 05:00,10.023
2025-05-15 06:00,11.609
2025-05-15 07:00,12.689
2025-05-15 08:00,13.669
2025-05-15 09:00,14.563
2025-05-15 10:00,15.281
2025-05-15 11:00,15.728
2025-05-15 12:00,15.989
2025-05-15 13:00,16.103
2025-05-15 14:00,16.045
2025-05-15 15:00,15.798
2025-05-15 16:00,15.337
2025-05-15 17:00,14.447
2025-05-15 18:00,12.257
2025-05-15 19:00,9.997
2025-05-15 20:00,9.271
2025-05-15 21:00,8.664
2025-05-15 22:00,8.035
2025-05-15 23:00,7.304
2025-05-16 00:00,6.483
2025-05-16 01:00,5.770
2025-05-16 02:00,5.409
2025-05-16 03:00,5.623
2025-05-16 04:00,7.673
2025-05-16 05:00,9.531
2025-05-16 06:00,11.570
2025-05-16 07:00,13.534
2025-05-16 08:00,15.109
2025-05-16 09:00,16.343
2025-05-16 10:00,17.236
2025-05-16 11:00,17.662
2025-05-16 12:00,17.616
2025-05-16 13:00,17.279
2025-05-16 14:00,16.846
2025-05-16 15:00,16.416
2025-05-16 16:00,15.796
2025-05-16 17:00,14.800
2025-05-16 18:00,12.683
2025-05-16 19:00,10.401
2025-05-16 20:00,9.673
2025-05-16 21:00,9.202
2025-05-16 22:00,8.768
2025-05-16 23:00,8.334
2025-05-17 00:00,7.888
2025-05-17 01:00,7.550
2025-05-17 02:00,7.204
2025-05-17 03:00,6.924
2025-05-17 04:00,8.029
2025-05-17 05:00,9.864
2025-05-17 06:00,12.297
2025-05-17 07:00,14.159
2025-05-17 08:00,15.635
2025-05-17 09:00,16.842
2025-05-17 10:00,17.487
2025-05-17 11:00,17.802
2025-05-17 12:00,17.755
2025-05-17 13:00,17.479
2025-05-17 14:00,17.054
2025-05-17 15:00,16.319
2025-05-17 16:00,15.760
2025-05-17 17:00,15.059
2025-05-17 18:00,13.451
2025-05-17 19:00,11.836
2025-05-17 20:00,11.057
2025-05-17 21:00,10.206
2025-05-17 22:00,9.405
2025-05-17 23:00,8.764
2025-05-18 00:00,8.335
2025-05-18 01:00,8.062
2025-05-18 02:00,8.095
2025-05-18 03:00,8.255
2025-05-18 04:00,9.645
2025-05-18 05:00,11.128
2025-05-18 06:00,12.578
2025-05-18 07:00,13.678
2025-05-18 08:00,14.630
2025-05-18 09:00,15.525
2025-05-18 10:00,16.239
2025-05-18 11:00,16.790
2025-05-18 12:00,17.154
2025-05-18 13:00,17.411
2025-05-18 14:00,17.437
2025-05-18 15:00,17.175
2025-05-18 16:00,16.596
2025-05-18 17:00,15.662
2025-05-18 18:00,13.602
2025-05-18 19:00,11.345
2025-05-18 20:00,10.682
2025-05-18 21:00,10.388
2025-05-18 22:00,10.327
2025-05-18 23:00,10.324
2025-05-19 00:00,10.202
2025-05-19 01:00,9.865
2025-05-19 02:00,9.079
2025-05-19 03:00,8.643
2025-05-19 04:00,10.397
2025-05-19 05:00,12.200
2025-05-19 06:00,14.230
2025-05-19 07:00,15.889
2025-05-19 08:00,17.101
2025-05-19 09:00,18.066
2025-05-19 10:00,18.747
2025-05-19 11:00,19.166
2025-05-19 12:00,19.448
2025-05-19 13:00,19.479
2025-05-19 14:00,19.403
2025-05-19 15:00,19.202
2025-05-19 16:00,18.872
2025-05-19 17:00,18.177
2025-05-19 18:00,16.354
2025-05-19 19:00,15.058
2025-05-19 20:00,14.407
2025-05-19 21:00,13.997
2025-05-19 22:00,13.593
2025-05-19 23:00,13.158
2025-05-20 00:00,12.682
2025-05-20 01:00,11.883
2025-05-20 02:00,10.678
2025-05-20 03:00,10.067
2025-05-20 04:00,11.037
2025-05-20 05:00,13.397
2025-05-20 06:00,15.509
2025-05-20 07:00,18.107
2025-05-20 08:00,19.585
2025-05-20 09:00,20.493
2025-05-20 10:00,21.113
2025-05-20 11:00,21.415
2025-05-20 12:00,21.318
2025-05-20 13:00,21.072
2025-05-20 14:00,20.469
2025-05-20 15:00,19.671
2025-05-20 16:00,18.473
2025-05-20 17:00,16.917
2025-05-20 18:00,14.670
2025-05-20 19:00,12.153
2025-05-20 20:00,10.967
2025-05-20 21:00,10.155
2025-05-20 22:00,9.631
2025-05-20 23:00,9.368
2025-05-21 00:00,9.326
2025-05-21 01:00,9.206
2025-05-21 02:00,8.924
2025-05-21 03:00,8.846
2025-05-21 04:00,9.503
2025-05-21 05:00,10.778
2025-05-21 06:00,12.270
2025-05-21 07:00,13.623
2025-05-21 08:00,14.749
2025-05-21 09:00,15.589
2025-05-21 10:00,16.196
2025-05-21 11:00,16.477
2025-05-21 12:00,16.416
2025-05-21 13:00,16.066
2025-05-21 14:00,15.491
2025-05-21 15:00,14.719
2025-05-21 16:00,13.716
2025-05-21 17:00,12.621
2025-05-21 18:00,11.632
2025-05-21 19:00,11.016
2025-05-21 20:00,10.825
2025-05-21 21:00,10.552
2025-05-21 22:00,9.681
2025-05-21 23:00,8.373
2025-05-22 00:00,7.356
2025-05-22 01:00,6.900
2025-05-22 02:00,6.903
2025-05-22 03:00,7.235
2025-05-22 04:00,7.985
2025-05-22 05:00,9.169
2025-05-22 06:00,10.156
2025-05-22 07:00,10.547
2025-05-22 08:00,10.575
2025-05-22 09:00,10.636
2025-05-22 10:00,10.755
2025-05-22 11:00,10.806
2025-05-22 12:00,10.732
2025-05-22 13:00,10.532
2025-05-22 14:00,10.373
2025-05-22 15:00,10.198
2025-05-22 16:00,10.031
2025-05-22 17:00,9.731
2025-05-22 18:00,8.662
2025-05-22 19:00,7.283
2025-05-22 20:00,6.836
2025-05-22 21:00,6.394
2025-05-22 22:00,6.003
2025-05-22 23:00,5.720
2025-05-23 00:00,5.529
2025-05-23 01:00,5.506
2025-05-23 02:00,5.635
2025-05-23 03:00,5.559
2025-05-23 04:00,5.910
2025-05-23 05:00,6.550
2025-05-23 06:00,7.537
2025-05-23 07:00,8.753
2025-05-23 08:00,10.179
2025-05-23 09:00,11.516
2025-05-23 10:00,12.357
2025-05-23 11:00,12.637
2025-05-23 12:00,13.023
2025-05-23 13:00,13.629
2025-05-23 14:00,13.573
2025-05-23 15:00,13.119
2025-05-23 16:00,12.405
2025-05-23 17:00,11.428
2025-05-23 18:00,10.208
2025-05-23 19:00,8.771
2025-05-23 20:00,8.446
2025-05-23 21:00,8.196
2025-05-23 22:00,7.796
2025-05-23 23:00,7.486
2025-05-24 00:00,7.297
2025-05-24 01:00,7.250
2025-05-24 02:00,7.176
2025-05-24 03:00,7.055
2025-05-24 04:00,7.759
2025-05-24 05:00,8.869
2025-05-24 06:00,10.374
2025-05-24 07:00,11.998
2025-05-24 08:00,13.294
2025-05-24 09:00,14.683
2025-05-24 10:00,15.941
2025-05-24 11:00,16.970
2025-05-24 12:00,17.364
2025-05-24 13:00,17.175
2025-05-24 14:00,16.841
2025-05-24 15:00,16.209
2025-05-24 16:00,15.548
2025-05-24 17:00,14.914
2025-05-24 18:00,14.028
2025-05-24 19:00,12.730
2025-05-24 20:00,11.755
2025-05-24 21:00,11.029
2025-05-24 22:00,10.704
2025-05-24 23:00,10.591
2025-05-25 00:00,10.541
2025-05-25 01:00,10.553
2025-05-25 02:00,10.656
2025-05-25 03:00,10.780
2025-05-25 04:00,11.302
2025-05-25 05:00,12.370
2025-05-25 06:00,13.456
2025-05-25 07:00,14.319
2025-05-25 08:00,14.954
2025-05-25 09:00,15.167
2025-05-25 10:00,15.464
2025-05-25 11:00,16.293
2025-05-25 12:00,17.820
2025-05-25 13:00,18.870
2025-05-25 14:00,18.790
2025-05-25 15:00,17.987
2025-05-25 16:00,17.022
2025-05-25 17:00,15.827
2025-05-25 18:00,14.292
2025-05-25 19:00,12.359
2025-05-25 20:00,11.258
2025-05-25 21:00,10.551
2025-05-25 22:00,9.865
2025-05-25 23:00,9.352
2025-05-26 00:00,8.951
2025-05-26 01:00,8.696
2025-05-26 02:00,8.506
2025-05-26 03:00,8.687
2025-05-26 04:00,9.680
2025-05-26 05:00,10.891
2025-05-26 06:00,12.901
2025-05-26 07:00,15.042
2025-05-26 08:00,16.312
2025-05-26 09:00,16.869
2025-05-26 10:00,17.019
2025-05-26 11:00,17.299
2025-05-26 12:00,17.451
2025-05-26 13:00,17.188
2025-05-26 14:00,16.271
2025-05-26 15:00,15.734
2025-05-26 16:00,15.226
2025-05-26 17:00,14.550
2025-05-26 18:00,13.227
2025-05-26 19:00,11.960
2025-05-26 20:00,11.649
2025-05-26 21:00,10.740
2025-05-26 22:00,10.384
2025-05-26 23:00,10.596
2025-05-27 00:00,10.694
2025-05-27 01:00,10.656
2025-05-27 02:00,10.505
2025-05-27 03:00,10.570
2025-05-27 04:00,11.376
2025-05-27 05:00,12.267
2025-05-27 06:00,13.260
2025-05-27 07:00,14.020
2025-05-27 08:00,14.417
2025-05-27 09:00,14.747
2025-05-27 10:00,15.242
2025-05-27 11:00,15.920
2025-05-27 12:00,16.467
2025-05-27 13:00,16.430
2025-05-27 14:00,16.307
2025-05-27 15:00,15.822
2025-05-27 16:00,15.344
2025-05-27 17:00,14.742
2025-05-27 18:00,14.172
2025-05-27 19:00,13.797
2025-05-27 20:00,13.596
2025-05-27 21:00,13.319
2025-05-27 22:00,13.059
2025-05-27 23:00,13.165
2025-05-28 00:00,13.406
2025-05-28 01:00,13.525
2025-05-28 02:00,13.501
2025-05-28 03:00,13.389
2025-05-28 04:00,13.586
2025-05-28 05:00,13.933
2025-05-28 06:00,14.383
2025-05-28 07:00,14.878
2025-05-28 08:00,15.421
2025-05-28 09:00,15.892
2025-05-28 10:00,16.381
2025-05-28 11:00,16.716
2025-05-28 12:00,16.934
2025-05-28 13:00,16.953
2025-05-28 14:00,16.811
2025-05-28 15:00,16.467
2025-05-28 16:00,15.687
2025-05-28 17:00,14.675
2025-05-28 18:00,13.515
2025-05-28 19:00,12.107
2025-05-28 20:00,11.001
2025-05-28 21:00,10.219
2025-05-28 22:00,9.430
2025-05-28 23:00,8.800
2025-05-29 00:00,8.433
2025-05-29 01:00,8.171
2025-05-29 02:00,7.879
2025-05-29 03:00,8.029
2025-05-29 04:00,9.862
2025-05-29 05:00,11.517
2025-05-29 06:00,12.838
2025-05-29 07:00,13.771
2025-05-29 08:00,14.976
2025-05-29 09:00,16.145
2025-05-29 10:00,17.110
2025-05-29 11:00,17.827
2025-05-29 12:00,18.299
2025-05-29 13:00,18.656
2025-05-29 14:00,18.529
2025-05-29 15:00,17.687
2025-05-29 16:00,16.505
2025-05-29 17:00,15.274
2025-05-29 18:00,14.338
2025-05-29 19:00,13.779
2025-05-29 20:00,13.586
2025-05-29 21:00,13.612
2025-05-29 22:00,13.849
2025-05-29 23:00,14.302
2025-05-30 00:00,14.797
2025-05-30 01:00,15.035
2025-05-30 02:00,14.908
2025-05-30 03:00,14.635
2025-05-30 04:00,14.849
2025-05-30 05:00,15.453
2025-05-30 06:00,16.431
2025-05-30 07:00,17.807
2025-05-30 08:00,19.335
2025-05-30 09:00,20.328
2025-05-30 10:00,20.974
2025-05-30 11:00,21.301
2025-05-30 12:00,21.270
2025-05-30 13:00,21.344
2025-05-30 14:00,20.992
2025-05-30 15:00,20.277
2025-05-30 16:00,19.385
2025-05-30 17:00,18.348
2025-05-30 18:00,17.097
2025-05-30 19:00,15.215
2025-05-30 20:00,13.889
2025-05-30 21:00,13.089
2025-05-30 22:00,12.638
2025-05-30 23:00,12.283
2025-05-31 00:00,11.957
2025-05-31 01:00,11.688
2025-05-31 02:00,11.501
2025-05-31 03:00,11.877
2025-05-31 04:00,13.772
2025-05-31 05:00,15.205
2025-05-31 06:00,16.704
2025-05-31 07:00,17.892
2025-05-31 08:00,18.868
2025-05-31 09:00,19.612
2025-05-31 10:00,20.578
2025-05-31 11:00,21.438
2025-05-31 12:00,22.108
2025-05-31 13:00,22.429
2025-05-31 14:00,22.592
2025-05-31 15:00,22.536
2025-05-31 16:00,22.252
2025-05-31 17:00,21.970
2025-05-31 18:00,20.745
2025-05-31 19:00,18.802
2025-05-31 20:00,17.782
2025-05-31 21:00,17.047
2025-05-31 22:00,16.417
2025-05-31 23:00,16.220
2025-06-01 00:00,16.195
2025-06-01 01:00,16.106
2025-06-01 02:00,16.045
2025-06-01 03:00,16.251
2025-06-01 04:00,16.565
2025-06-01 05:00,17.034
2025-06-01 06:00,17.672
2025-06-01 07:00,18.760
2025-06-01 08:00,20.629
2025-06-01 09:00,21.993
2025-06-01 10:00,22.623
2025-06-01 11:00,22.984
2025-06-01 12:00,22.980
2025-06-01 13:00,22.148
2025-06-01 14:00,20.968
2025-06-01 15:00,19.923
2025-06-01 16:00,18.253
2025-06-01 17:00,16.849
2025-06-01 18:00,15.687
2025-06-01 19:00,14.467
2025-06-01 20:00,13.242
2025-06-01 21:00,12.252
2025-06-01 22:00,11.642
2025-06-01 23:00,10.847
2025-06-02 00:00,10.181
2025-06-02 01:00,9.757
2025-06-02 02:00,9.451
2025-06-02 03:00,9.787
2025-06-02 04:00,11.490
2025-06-02 05:00,12.827
2025-06-02 06:00,14.809
2025-06-02 07:00,16.392
2025-06-02 08:00,17.548
2025-06-02 09:00,18.453
2025-06-02 10:00,18.687
2025-06-02 11:00,18.430
2025-06-02 12:00,17.787
2025-06-02 13:00,17.797
2025-06-02 14:00,17.377
2025-06-02 15:00,17.110
2025-06-02 16:00,16.686
2025-06-02 17:00,15.975
2025-06-02 18:00,14.619
2025-06-02 19:00,12.295
2025-06-02 20:00,11.089
2025-06-02 21:00,10.315
2025-06-02 22:00,9.611
2025-06-02 23:00,9.077
2025-06-03 00:00,8.863
2025-06-03 01:00,8.816
2025-06-03 02:00,8.470
2025-06-03 03:00,8.203
2025-06-03 04:00,10.379
2025-06-03 05:00,12.362
2025-06-03 06:00,14.465
2025-06-03 07:00,16.171
2025-06-03 08:00,17.528
2025-06-03 09:00,18.611
2025-06-03 10:00,19.512
2025-06-03 11:00,20.235
2025-06-03 12:00,20.889
2025-06-03 13:00,21.298
2025-06-03 14:00,21.301
2025-06-03 15:00,20.937
2025-06-03 16:00,20.804
2025-06-03 17:00,20.054
2025-06-03 18:00,18.554
2025-06-03 19:00,16.687
2025-06-03 20:00,16.134
2025-06-03 21:00,15.950
2025-06-03 22:00,15.422
2025-06-03 23:00,14.829
2025-06-04 00:00,14.170
2025-06-04 01:00,13.420
2025-06-04 02:00,12.722
2025-06-04 03:00,12.733
2025-06-04 04:00,14.071
2025-06-04 05:00,15.341
2025-06-04 06:00,17.228
2025-06-04 07:00,19.521
2025-06-04 08:00,20.461
2025-06-04 09:00,21.136
2025-06-04 10:00,21.774
2025-06-04 11:00,22.124
2025-06-04 12:00,22.106
2025-06-04 13:00,21.396
2025-06-04 14:00,20.521
2025-06-04 15:00,19.435
2025-06-04 16:00,18.003
2025-06-04 17:00,16.571
2025-06-04 18:00,15.305
2025-06-04 19:00,13.750
2025-06-04 20:00,12.550
2025-06-04 21:00,12.092
2025-06-04 22:00,11.904
2025-06-04 23:00,11.478
2025-06-05 00:00,10.743
2025-06-05 01:00,10.040
2025-06-05 02:00,9.870
2025-06-05 03:00,10.816
2025-06-05 04:00,12.343
2025-06-05 05:00,13.654
2025-06-05 06:00,15.797
2025-06-05 07:00,17.400
2025-06-05 08:00,18.370
2025-06-05 09:00,19.194
2025-06-05 10:00,19.826
2025-06-05 11:00,20.250
2025-06-05 12:00,20.272
2025-06-05 13:00,19.236
2025-06-05 14:00,18.361
2025-06-05 15:00,17.628
2025-06-05 16:00,16.723
2025-06-05 17:00,15.894
2025-06-05 18:00,15.198
2025-06-05 19:00,14.068
2025-06-05 20:00,13.527
2025-06-05 21:00,13.270
2025-06-05 22:00,13.261
2025-06-05 23:00,13.297
2025-06-06 00:00,13.348
2025-06-06 01:00,13.426
2025-06-06 02:00,13.437
2025-06-06 03:00,13.387
2025-06-06 04:00,13.756
2025-06-06 05:00,14.426
2025-06-06 06:00,15.595
2025-06-06 07:00,16.372
2025-06-06 08:00,16.979
2025-06-06 09:00,17.387
2025-06-06 10:00,17.636
2025-06-06 11:00,18.072
2025-06-06 12:00,18.367
2025-06-06 13:00,18.454
2025-06-06 14:00,18.252
2025-06-06 15:00,17.740
2025-06-06 16:00,17.067
2025-06-06 17:00,16.236
2025-06-06 18:00,15.238
2025-06-06 19:00,14.118
2025-06-06 20:00,13.555
2025-06-06 21:00,13.068
2025-06-06 22:00,12.535
2025-06-06 23:00,12.509
2025-06-07 00:00,12.210
2025-06-07 01:00,11.578
2025-06-07 02:00,11.033
2025-06-07 03:00,11.373
2025-06-07 04:00,12.440
2025-06-07 05:00,13.345
2025-06-07 06:00,14.598
2025-06-07 07:00,15.531
2025-06-07 08:00,16.325
2025-06-07 09:00,16.731
2025-06-07 10:00,16.935
2025-06-07 11:00,17.196
2025-06-07 12:00,17.211
2025-06-07 13:00,16.613
2025-06-07 14:00,15.804
2025-06-07 15:00,15.243
2025-06-07 16:00,15.075
2025-06-07 17:00,14.722
2025-06-07 18:00,13.952
2025-06-07 19:00,12.494
2025-06-07 20:00,11.614
2025-06-07 21:00,11.357
2025-06-07 22:00,11.236
2025-06-07 23:00,10.946
2025-06-08 00:00,10.570
2025-06-08 01:00,10.582
2025-06-08 02:00,10.876
2025-06-08 03:00,11.354
2025-06-08 04:00,11.853
2025-06-08 05:00,12.429
2025-06-08 06:00,13.235
2025-06-08 07:00,13.945
2025-06-08 08:00,14.471
2025-06-08 09:00,14.912
2025-06-08 10:00,14.684
2025-06-08 11:00,13.988
2025-06-08 12:00,13.658
2025-06-08 13:00,14.061
2025-06-08 14:00,14.631
2025-06-08 15:00,15.001
2025-06-08 16:00,14.898
2025-06-08 17:00,14.211
2025-06-08 18:00,13.074
2025-06-08 19:00,11.866
2025-06-08 20:00,11.057
2025-06-08 21:00,10.676
2025-06-08 22:00,10.404
2025-06-08 23:00,10.237
2025-06-09 00:00,10.137
2025-06-09 01:00,10.024
2025-06-09 02:00,9.609
2025-06-09 03:00,9.146
2025-06-09 04:00,9.593
2025-06-09 05:00,10.736
2025-06-09 06:00,12.239
2025-06-09 07:00,13.570
2025-06-09 08:00,14.755
2025-06-09 09:00,15.693
2025-06-09 10:00,16.499
2025-06-09 11:00,16.979
2025-06-09 12:00,17.266
2025-06-09 13:00,17.398
2025-06-09 14:00,17.364
2025-06-09 15:00,16.944
2025-06-09 16:00,16.389
2025-06-09 17:00,15.711
2025-06-09 18:00,14.602
2025-06-09 19:00,12.853
2025-06-09 20:00,12.349
2025-06-09 21:00,12.424
2025-06-09 22:00,12.503
2025-06-09 23:00,12.378
2025-06-10 00:00,12.008
2025-06-10 01:00,11.719
2025-06-10 02:00,11.566
2025-06-10 03:00,11.564
2025-06-10 04:00,11.680
2025-06-10 05:00,11.940
2025-06-10 06:00,12.462
2025-06-10 07:00,13.331
2025-06-10 08:00,14.143
2025-06-10 09:00,14.697
2025-06-10 10:00,15.891
2025-06-10 11:00,16.186
2025-06-10 12:00,15.858
2025-06-10 13:00,15.748
2025-06-10 14:00,15.865
2025-06-10 15:00,16.389
2025-06-10 16:00,16.665
2025-06-10 17:00,16.045
2025-06-10 18:00,14.873
2025-06-10 19:00,13.754
2025-06-10 20:00,12.719
2025-06-10 21:00,11.960
2025-06-10 22:00,11.344
2025-06-10 23:00,10.931
2025-06-11 00:00,10.681
2025-06-11 01:00,10.646
2025-06-11 02:00,10.501
2025-06-11 03:00,10.299
2025-06-11 04:00,11.191
2025-06-11 05:00,12.495
2025-06-11 06:00,13.681
2025-06-11 07:00,14.838
2025-06-11 08:00,15.942
2025-06-11 09:00,16.890
2025-06-11 10:00,17.684
2025-06-11 11:00,18.276
2025-06-11 12:00,18.595
2025-06-11 13:00,18.576
2025-06-11 14:00,18.257
2025-06-11 15:00,17.669
2025-06-11 16:00,16.914
2025-06-11 17:00,15.964
2025-06-11 18:00,14.468
2025-06-11 19:00,12.060
2025-06-11 20:00,10.734
2025-06-11 21:00,10.047
2025-06-11 22:00,9.413
2025-06-11 23:00,8.859
2025-06-12 00:00,8.419
2025-06-12 01:00,8.113
2025-06-12 02:00,7.862
2025-06-12 03:00,8.415
2025-06-12 04:00,11.213
2025-06-12 05:00,13.352
2025-06-12 06:00,15.383
2025-06-12 07:00,16.868
2025-06-12 08:00,18.149
2025-06-12 09:00,19.299
2025-06-12 10:00,20.242
2025-06-12 11:00,20.928
2025-06-12 12:00,21.350
2025-06-12 13:00,21.517
2025-06-12 14:00,21.443
2025-06-12 15:00,21.194
2025-06-12 16:00,20.735
2025-06-12 17:00,19.803
2025-06-12 18:00,18.174
2025-06-12 19:00,16.421
2025-06-12 20:00,15.419
2025-06-12 21:00,14.377
2025-06-12 22:00,13.289
2025-06-12 23:00,12.392
2025-06-13 00:00,11.754
2025-06-13 01:00,11.260
2025-06-13 02:00,10.832
2025-06-13 03:00,10.695
2025-06-13 04:00,11.459
2025-06-13 05:00,13.059
2025-06-13 06:00,15.196
2025-06-13 07:00,17.244
2025-06-13 08:00,19.023
2025-06-13 09:00,20.478
2025-06-13 10:00,21.718
2025-06-13 11:00,22.622
2025-06-13 12:00,23.156
2025-06-13 13:00,23.321
2025-06-13 14:00,23.175
2025-06-13 15:00,22.877
2025-06-13 16:00,22.337
2025-06-13 17:00,21.196
2025-06-13 18:00,19.384
2025-06-13 19:00,17.544
2025-06-13 20:00,16.519
2025-06-13 21:00,15.610
2025-06-13 22:00,14.713
2025-06-13 23:00,13.961
2025-06-14 00:00,13.312
2025-06-14 01:00,12.794
2025-06-14 02:00,12.466
2025-06-14 03:00,12.563
2025-06-14 04:00,13.488
2025-06-14 05:00,15.241
2025-06-14 06:00,17.576
2025-06-14 07:00,19.700
2025-06-14 08:00,21.461
2025-06-14 09:00,22.986
2025-06-14 10:00,24.294
2025-06-14 11:00,25.277
2025-06-14 12:00,25.923
2025-06-14 13:00,26.293
2025-06-14 14:00,26.377
2025-06-14 15:00,26.224
2025-06-14 16:00,25.641
2025-06-14 17:00,24.522
2025-06-14 18:00,23.018
2025-06-14 19:00,21.902
2025-06-14 20:00,21.066
2025-06-14 21:00,20.372
2025-06-14 22:00,19.893
2025-06-14 23:00,19.390
2025-06-15 00:00,19.005
2025-06-15 01:00,18.410
2025-06-15 02:00,17.661
2025-06-15 03:00,17.543
2025-06-15 04:00,18.564
2025-06-15 05:00,18.998
2025-06-15 06:00,19.388
2025-06-15 07:00,19.958
2025-06-15 08:00,20.167
2025-06-15 09:00,20.061
2025-06-15 10:00,19.906
2025-06-15 11:00,19.488
2025-06-15 12:00,19.196
2025-06-15 13:00,18.850
2025-06-15 14:00,18.451
2025-06-15 15:00,18.187
2025-06-15 16:00,18.045
2025-06-15 17:00,17.849
2025-06-15 18:00,17.278
2025-06-15 19:00,15.852
2025-06-15 20:00,14.804
2025-06-15 21:00,14.347
2025-06-15 22:00,14.008
2025-06-15 23:00,13.582
2025-06-16 00:00,13.245
2025-06-16 01:00,13.133
2025-06-16 02:00,13.236
2025-06-16 03:00,13.357
2025-06-16 04:00,13.975
2025-06-16 05:00,14.946
2025-06-16 06:00,16.181
2025-06-16 07:00,17.563
2025-06-16 08:00,18.790
2025-06-16 09:00,19.735
2025-06-16 10:00,20.504
2025-06-16 11:00,20.913
2025-06-16 12:00,20.957
2025-06-16 13:00,21.032
2025-06-16 14:00,20.697
2025-06-16 15:00,20.266
2025-06-16 16:00,19.596
2025-06-16 17:00,18.528
2025-06-16 18:00,17.157
2025-06-16 19:00,15.599
2025-06-16 20:00,14.245
2025-06-16 21:00,13.586
2025-06-16 22:00,13.087
2025-06-16 23:00,12.656
2025-06-17 00:00,12.091
2025-06-17 01:00,11.388
2025-06-17 02:00,11.169
2025-06-17 03:00,11.903
2025-06-17 04:00,13.696
2025-06-17 05:00,15.334
2025-06-17 06:00,16.994
2025-06-17 07:00,18.440
2025-06-17 08:00,19.788
2025-06-17 09:00,20.848
2025-06-17 10:00,21.442
2025-06-17 11:00,21.735
2025-06-17 12:00,21.992
2025-06-17 13:00,22.427
2025-06-17 14:00,22.760
2025-06-17 15:00,22.867
2025-06-17 16:00,22.704
2025-06-17 17:00,21.981
2025-06-17 18:00,20.143
2025-06-17 19:00,17.964
2025-06-17 20:00,16.703
2025-06-17 21:00,15.691
2025-06-17 22:00,14.860
2025-06-17 23:00,14.106
2025-06-18 00:00,13.129
2025-06-18 01:00,12.830
2025-06-18 02:00,12.502
2025-06-18 03:00,12.826
2025-06-18 04:00,14.703
2025-06-18 05:00,16.096
2025-06-18 06:00,17.665
2025-06-18 07:00,18.889
2025-06-18 08:00,19.825
2025-06-18 09:00,20.569
2025-06-18 10:00,21.409
2025-06-18 11:00,21.970
2025-06-18 12:00,22.274
2025-06-18 13:00,22.483
2025-06-18 14:00,22.373
2025-06-18 15:00,21.853
2025-06-18 16:00,20.957
2025-06-18 17:00,19.774
2025-06-18 18:00,18.137
2025-06-18 19:00,16.125
2025-06-18 20:00,14.704
2025-06-18 21:00,13.895
2025-06-18 22:00,13.091
2025-06-18 23:00,12.283
2025-06-19 00:00,11.668
2025-06-19 01:00,11.174
2025-06-19 02:00,10.795
2025-06-19 03:00,11.355
2025-06-19 04:00,13.102
2025-06-19 05:00,14.799
2025-06-19 06:00,15.893
2025-06-19 07:00,16.777
2025-06-19 08:00,17.618
2025-06-19 09:00,18.345
2025-06-19 10:00,18.898
2025-06-19 11:00,19.219
2025-06-19 12:00,19.339
2025-06-19 13:00,19.276
2025-06-19 14:00,19.020
2025-06-19 15:00,18.469
2025-06-19 16:00,17.660
2025-06-19 17:00,16.686
2025-06-19 18:00,15.361
2025-06-19 19:00,13.281
2025-06-19 20:00,11.966
2025-06-19 21:00,11.238
2025-06-19 22:00,10.495
2025-06-19 23:00,9.834
2025-06-20 00:00,9.163
2025-06-20 01:00,8.557
2025-06-20 02:00,8.026
2025-06-20 03:00,8.471
2025-06-20 04:00,10.909
2025-06-20 05:00,12.986
2025-06-20 06:00,14.660
2025-06-20 07:00,16.011
2025-06-20 08:00,17.291
2025-06-20 09:00,18.482
2025-06-20 10:00,19.501
2025-06-20 11:00,20.276
2025-06-20 12:00,20.839
2025-06-20 13:00,21.239
2025-06-20 14:00,21.364
2025-06-20 15:00,21.239
2025-06-20 16:00,20.869
2025-06-20 17:00,20.240
2025-06-20 18:00,18.553
2025-06-20 19:00,16.056
2025-06-20 20:00,14.804
2025-06-20 21:00,14.134
2025-06-20 22:00,13.719
2025-06-20 23:00,13.442
2025-06-21 00:00,13.176
2025-06-21 01:00,12.534
2025-06-21 02:00,11.609
2025-06-21 03:00,11.620
2025-06-21 04:00,13.895
2025-06-21 05:00,15.691
2025-06-21 06:00,17.396
2025-06-21 07:00,19.628
2025-06-21 08:00,21.443
2025-06-21 09:00,22.727
2025-06-21 10:00,23.824
2025-06-21 11:00,24.773
2025-06-21 12:00,25.465
2025-06-21 13:00,25.922
2025-06-21 14:00,26.134
2025-06-21 15:00,26.143
2025-06-21 16:00,26.146
2025-06-21 17:00,25.487
2025-06-21 18:00,23.307
2025-06-21 19:00,22.029
2025-06-21 20:00,21.616
2025-06-21 21:00,20.521
2025-06-21 22:00,18.818
2025-06-21 23:00,17.124
2025-06-22 00:00,16.010
2025-06-22 01:00,15.251
2025-06-22 02:00,14.581
2025-06-22 03:00,14.640
2025-06-22 04:00,16.223
2025-06-22 05:00,17.600
2025-06-22 06:00,19.372
2025-06-22 07:00,21.758
2025-06-22 08:00,24.591
2025-06-22 09:00,26.557
2025-06-22 10:00,27.754
2025-06-22 11:00,28.218
2025-06-22 12:00,28.173
2025-06-22 13:00,28.285
2025-06-22 14:00,28.344
2025-06-22 15:00,27.351
2025-06-22 16:00,26.329
2025-06-22 17:00,25.014
2025-06-22 18:00,23.706
2025-06-22 19:00,21.959
2025-06-22 20:00,20.575
2025-06-22 21:00,19.174
2025-06-22 22:00,18.059
2025-06-22 23:00,17.287
2025-06-23 00:00,16.687
2025-06-23 01:00,16.082
2025-06-23 02:00,15.673
2025-06-23 03:00,15.964
2025-06-23 04:00,16.593
2025-06-23 05:00,17.357
2025-06-23 06:00,18.454
2025-06-23 07:00,19.365
2025-06-23 08:00,19.738
2025-06-23 09:00,19.917
2025-06-23 10:00,19.060
2025-06-23 11:00,18.606
2025-06-23 12:00,18.460
2025-06-23 13:00,17.778
2025-06-23 14:00,16.707
2025-06-23 15:00,16.158
2025-06-23 16:00,16.040
2025-06-23 17:00,15.480
2025-06-23 18:00,14.747
2025-06-23 19:00,13.949
2025-06-23 20:00,13.428
2025-06-23 21:00,13.190
2025-06-23 22:00,13.037
2025-06-23 23:00,12.892
2025-06-24 00:00,12.726
2025-06-24 01:00,12.727
2025-06-24 02:00,12.670
2025-06-24 03:00,13.146
2025-06-24 04:00,13.989
2025-06-24 05:00,14.808
2025-06-24 06:00,15.654
2025-06-24 07:00,16.789
2025-06-24 08:00,17.887
2025-06-24 09:00,17.832
2025-06-24 10:00,17.245
2025-06-24 11:00,17.936
2025-06-24 12:00,18.553
2025-06-24 13:00,18.630
2025-06-24 14:00,18.668
2025-06-24 15:00,18.388
2025-06-24 16:00,18.103
2025-06-24 17:00,17.739
2025-06-24 18:00,17.147
2025-06-24 19:00,16.725
2025-06-24 20:00,16.593
2025-06-24 21:00,16.699
2025-06-24 22:00,16.704
2025-06-24 23:00,16.524
2025-06-25 00:00,16.299
2025-06-25 01:00,16.116
2025-06-25 02:00,16.021
2025-06-25 03:00,16.030
2025-06-25 04:00,16.638
2025-06-25 05:00,17.546
2025-06-25 06:00,18.426
2025-06-25 07:00,19.124
2025-06-25 08:00,19.615
2025-06-25 09:00,20.049
2025-06-25 10:00,20.633
2025-06-25 11:00,21.019
2025-06-25 12:00,21.023
2025-06-25 13:00,20.906
2025-06-25 14:00,20.706
2025-06-25 15:00,20.390
2025-06-25 16:00,19.866
2025-06-25 17:00,19.105
2025-06-25 18:00,17.823
2025-06-25 19:00,15.461
2025-06-25 20:00,14.365
2025-06-25 21:00,13.988
2025-06-25 22:00,13.415
2025-06-25 23:00,12.788
2025-06-26 00:00,12.465
2025-06-26 01:00,12.150
2025-06-26 02:00,11.790
2025-06-26 03:00,12.507
2025-06-26 04:00,14.374
2025-06-26 05:00,15.884
2025-06-26 06:00,18.186
2025-06-26 07:00,20.368
2025-06-26 08:00,21.737
2025-06-26 09:00,22.006
2025-06-26 10:00,22.018
2025-06-26 11:00,22.587
2025-06-26 12:00,23.965
2025-06-26 13:00,24.761
2025-06-26 14:00,24.372
2025-06-26 15:00,22.904
2025-06-26 16:00,21.281
2025-06-26 17:00,20.112
2025-06-26 18:00,18.923
2025-06-26 19:00,18.055
2025-06-26 20:00,17.623
2025-06-26 21:00,17.352
2025-06-26 22:00,17.173
2025-06-26 23:00,17.289
2025-06-27 00:00,17.423
2025-06-27 01:00,17.325
2025-06-27 02:00,16.908
2025-06-27 03:00,16.426
2025-06-27 04:00,16.396
2025-06-27 05:00,16.381
2025-06-27 06:00,16.184
2025-06-27 07:00,16.368
2025-06-27 08:00,17.583
2025-06-27 09:00,18.286
2025-06-27 10:00,18.933
2025-06-27 11:00,19.643
2025-06-27 12:00,19.972
2025-06-27 13:00,20.031
2025-06-27 14:00,19.796
2025-06-27 15:00,19.189
2025-06-27 16:00,18.575
2025-06-27 17:00,17.945
2025-06-27 18:00,17.058
2025-06-27 19:00,16.001
2025-06-27 20:00,15.429
2025-06-27 21:00,14.856
2025-06-27 22:00,14.777
2025-06-27 23:00,14.597
2025-06-28 00:00,14.379
2025-06-28 01:00,14.306
2025-06-28 02:00,14.289
2025-06-28 03:00,14.550
2025-06-28 04:00,15.630
2025-06-28 05:00,17.599
2025-06-28 06:00,19.687
2025-06-28 07:00,21.261
2025-06-28 08:00,22.420
2025-06-28 09:00,23.486
2025-06-28 10:00,24.628
2025-06-28 11:00,25.127
2025-06-28 12:00,24.982
2025-06-28 13:00,24.605
2025-06-28 14:00,24.118
2025-06-28 15:00,23.475
2025-06-28 16:00,22.756
2025-06-28 17:00,21.980
2025-06-28 18:00,20.988
2025-06-28 19:00,19.726
2025-06-28 20:00,18.691
2025-06-28 21:00,18.214
2025-06-28 22:00,18.175
2025-06-28 23:00,18.044
2025-06-29 00:00,17.954
2025-06-29 01:00,17.861
2025-06-29 02:00,17.872
2025-06-29 03:00,17.944
2025-06-29 04:00,18.592
2025-06-29 05:00,19.716
2025-06-29 06:00,21.102
2025-06-29 07:00,22.114
2025-06-29 08:00,22.439
2025-06-29 09:00,22.240
2025-06-29 10:00,22.402
2025-06-29 11:00,22.587
2025-06-29 12:00,22.532
2025-06-29 13:00,22.127
2025-06-29 14:00,21.323
2025-06-29 15:00,20.341
2025-06-29 16:00,19.252
2025-06-29 17:00,18.052
2025-06-29 18:00,16.729
2025-06-29 19:00,15.141
2025-06-29 20:00,13.983
2025-06-29 21:00,13.307
2025-06-29 22:00,12.647
2025-06-29 23:00,12.010
2025-06-30 00:00,11.443
2025-06-30 01:00,10.954
2025-06-30 02:00,10.519
2025-06-30 03:00,10.990
2025-06-30 04:00,13.185
2025-06-30 05:00,14.957
2025-06-30 06:00,16.404
2025-06-30 07:00,17.727
2025-06-30 08:00,18.999
2025-06-30 09:00,20.238
2025-06-30 10:00,21.313
2025-06-30 11:00,22.217
2025-06-30 12:00,22.894
2025-06-30 13:00,23.374
2025-06-30 14:00,23.545
2025-06-30 15:00,23.449
2025-06-30 16:00,23.062
2025-06-30 17:00,22.484
2025-06-30 18:00,20.488
2025-06-30 19:00,17.614
2025-06-30 20:00,16.406
2025-06-30 21:00,15.756
2025-06-30 22:00,15.059
2025-06-30 23:00,14.399
2025-07-01 00:00,13.859
2025-07-01 01:00,13.358
2025-07-01 02:00,12.881
2025-07-01 03:00,13.062
2025-07-01 04:00,14.401
2025-07-01 05:00,16.155
2025-07-01 06:00,18.441
2025-07-01 07:00,21.230
2025-07-01 08:00,23.313
2025-07-01 09:00,25.006
2025-07-01 10:00,26.381
2025-07-01 11:00,27.390
2025-07-01 12:00,28.126
2025-07-01 13:00,28.635
2025-07-01 14:00,28.961
2025-07-01 15:00,29.311
2025-07-01 16:00,29.629
2025-07-01 17:00,28.501
2025-07-01 18:00,25.644
2025-07-01 19:00,22.770
2025-07-01 20:00,21.150
2025-07-01 21:00,20.291
2025-07-01 22:00,19.676
2025-07-01 23:00,19.207
2025-07-02 00:00,18.785
2025-07-02 01:00,18.384
2025-07-02 02:00,17.979
2025-07-02 03:00,18.046
2025-07-02 04:00,19.383
2025-07-02 05:00,20.715
2025-07-02 06:00,22.418
2025-07-02 07:00,24.617
2025-07-02 08:00,27.140
2025-07-02 09:00,29.346
2025-07-02 10:00,30.826
2025-07-02 11:00,31.710
2025-07-02 12:00,32.210
2025-07-02 13:00,32.377
2025-07-02 14:00,32.896
2025-07-02 15:00,32.981
2025-07-02 16:00,31.566
2025-07-02 17:00,29.208
2025-07-02 18:00,26.531
2025-07-02 19:00,24.168
2025-07-02 20:00,22.614
2025-07-02 21:00,20.940
2025-07-02 22:00,19.355
2025-07-02 23:00,18.246
2025-07-03 00:00,17.865
2025-07-03 01:00,17.720
2025-07-03 02:00,17.402
2025-07-03 03:00,17.041
2025-07-03 04:00,16.786
2025-07-03 05:00,16.236
2025-07-03 06:00,16.351
2025-07-03 07:00,17.228
2025-07-03 08:00,18.217
2025-07-03 09:00,18.999
2025-07-03 10:00,19.651
2025-07-03 11:00,19.990
2025-07-03 12:00,20.080
2025-07-03 13:00,19.969
2025-07-03 14:00,19.634
2025-07-03 15:00,19.173
2025-07-03 16:00,18.503
2025-07-03 17:00,17.712
2025-07-03 18:00,16.594
2025-07-03 19:00,14.502
2025-07-03 20:00,13.279
2025-07-03 21:00,12.666
2025-07-03 22:00,12.153
2025-07-03 23:00,11.720
2025-07-04 00:00,11.496
2025-07-04 01:00,11.635
2025-07-04 02:00,11.964
2025-07-04 03:00,12.350
2025-07-04 04:00,13.741
2025-07-04 05:00,15.200
2025-07-04 06:00,16.707
2025-07-04 07:00,17.822
2025-07-04 08:00,18.779
2025-07-04 09:00,19.638
2025-07-04 10:00,20.383
2025-07-04 11:00,20.967
2025-07-04 12:00,21.372
2025-07-04 13:00,21.582
2025-07-04 14:00,21.393
2025-07-04 15:00,20.975
2025-07-04 16:00,20.448
2025-07-04 17:00,20.004
2025-07-04 18:00,18.991
2025-07-04 19:00,17.280
2025-07-04 20:00,16.399
2025-07-04 21:00,15.828
2025-07-04 22:00,15.177
2025-07-04 23:00,14.962
2025-07-05 00:00,15.152
2025-07-05 01:00,14.882
2025-07-05 02:00,14.471
2025-07-05 03:00,14.424
2025-07-05 04:00,14.402
2025-07-05 05:00,14.771
2025-07-05 06:00,15.364
2025-07-05 07:00,16.419
2025-07-05 08:00,17.992
2025-07-05 09:00,19.714
2025-07-05 10:00,21.032
2025-07-05 11:00,21.428
2025-07-05 12:00,21.277
2025-07-05 13:00,21.261
2025-07-05 14:00,21.330
2025-07-05 15:00,21.154
2025-07-05 16:00,20.643
2025-07-05 17:00,19.975
2025-07-05 18:00,18.978
2025-07-05 19:00,17.676
2025-07-05 20:00,17.050
2025-07-05 21:00,16.815
2025-07-05 22:00,16.793
2025-07-05 23:00,16.727
2025-07-06 00:00,16.525
2025-07-06 01:00,16.430
2025-07-06 02:00,16.425
2025-07-06 03:00,16.223
2025-07-06 04:00,16.431
2025-07-06 05:00,17.143
2025-07-06 06:00,18.080
2025-07-06 07:00,19.340
2025-07-06 08:00,20.822
2025-07-06 09:00,22.060
2025-07-06 10:00,22.996
2025-07-06 11:00,23.489
2025-07-06 12:00,23.435
2025-07-06 13:00,23.216
2025-07-06 14:00,22.374
2025-07-06 15:00,21.084
2025-07-06 16:00,19.860
2025-07-06 17:00,18.899
2025-07-06 18:00,18.165
2025-07-06 19:00,17.478
2025-07-06 20:00,16.986
2025-07-06 21:00,16.543
2025-07-06 22:00,16.065
2025-07-06 23:00,15.567
2025-07-07 00:00,15.003
2025-07-07 01:00,14.620
2025-07-07 02:00,14.389
2025-07-07 03:00,14.304
2025-07-07 04:00,14.860
2025-07-07 05:00,15.522
2025-07-07 06:00,16.353
2025-07-07 07:00,17.504
2025-07-07 08:00,18.432
2025-07-07 09:00,19.091
2025-07-07 10:00,19.620
2025-07-07 11:00,19.950
2025-07-07 12:00,19.818
2025-07-07 13:00,19.408
2025-07-07 14:00,18.777
2025-07-07 15:00,18.071
2025-07-07 16:00,17.377
2025-07-07 17:00,16.652
2025-07-07 18:00,15.667
2025-07-07 19:00,14.440
2025-07-07 20:00,13.566
2025-07-07 21:00,13.006
2025-07-07 22:00,12.636
2025-07-07 23:00,12.637
2025-07-08 00:00,12.693
2025-07-08 01:00,12.733
2025-07-08 02:00,12.581
2025-07-08 03:00,12.529
2025-07-08 04:00,13.091
2025-07-08 05:00,14.086
2025-07-08 06:00,15.322
2025-07-08 07:00,16.547
2025-07-08 08:00,17.616
2025-07-08 09:00,18.426
2025-07-08 10:00,18.844
2025-07-08 11:00,18.980
2025-07-08 12:00,18.835
2025-07-08 13:00,18.632
2025-07-08 14:00,18.668
2025-07-08 15:00,18.847
2025-07-08 16:00,18.717
2025-07-08 17:00,18.112
2025-07-08 18:00,17.092
2025-07-08 19:00,15.790
2025-07-08 20:00,15.243
2025-07-08 21:00,14.978
2025-07-08 22:00,14.645
2025-07-08 23:00,14.408
2025-07-09 00:00,14.044
2025-07-09 01:00,13.546
2025-07-09 02:00,13.192
2025-07-09 03:00,13.111
2025-07-09 04:00,13.798
2025-07-09 05:00,15.041
2025-07-09 06:00,16.590
2025-07-09 07:00,18.057
2025-07-09 08:00,19.248
2025-07-09 09:00,20.215
2025-07-09 10:00,20.916
2025-07-09 11:00,21.397
2025-07-09 12:00,21.617
2025-07-09 13:00,21.592
2025-07-09 14:00,21.277
2025-07-09 15:00,20.565
2025-07-09 16:00,19.577
2025-07-09 17:00,18.513
2025-07-09 18:00,17.085
2025-07-09 19:00,15.465
2025-07-09 20:00,14.587
2025-07-09 21:00,14.065
2025-07-09 22:00,13.316
2025-07-09 23:00,12.812
2025-07-10 00:00,12.663
2025-07-10 01:00,12.505
2025-07-10 02:00,12.209
2025-07-10 03:00,12.287
2025-07-10 04:00,14.129
2025-07-10 05:00,15.754
2025-07-10 06:00,17.248
2025-07-10 07:00,18.509
2025-07-10 08:00,19.559
2025-07-10 09:00,20.418
2025-07-10 10:00,21.225
2025-07-10 11:00,21.860
2025-07-10 12:00,22.201
2025-07-10 13:00,22.274
2025-07-10 14:00,22.110
2025-07-10 15:00,21.622
2025-07-10 16:00,20.844
2025-07-10 17:00,19.906
2025-07-10 18:00,18.688
2025-07-10 19:00,17.080
2025-07-10 20:00,16.223
2025-07-10 21:00,15.714
2025-07-10 22:00,15.267
2025-07-10 23:00,14.904
2025-07-11 00:00,14.497
2025-07-11 01:00,14.136
2025-07-11 02:00,13.781
2025-07-11 03:00,13.892
2025-07-11 04:00,15.081
2025-07-11 05:00,16.327
2025-07-11 06:00,17.868
2025-07-11 07:00,19.369
2025-07-11 08:00,20.583
2025-07-11 09:00,21.536
2025-07-11 10:00,22.194
2025-07-11 11:00,22.674
2025-07-11 12:00,23.022
2025-07-11 13:00,23.240
2025-07-11 14:00,23.004
2025-07-11 15:00,22.132
2025-07-11 16:00,21.133
2025-07-11 17:00,20.272
2025-07-11 18:00,19.205
2025-07-11 19:00,17.833
2025-07-11 20:00,17.224
2025-07-11 21:00,16.894
2025-07-11 22:00,16.663
2025-07-11 23:00,16.583
2025-07-12 00:00,16.564
2025-07-12 01:00,16.422
2025-07-12 02:00,16.255
2025-07-12 03:00,16.201
2025-07-12 04:00,16.514
2025-07-12 05:00,17.113
2025-07-12 06:00,17.976
2025-07-12 07:00,19.472
2025-07-12 08:00,19.935
2025-07-12 09:00,19.222
2025-07-12 10:00,19.131
2025-07-12 11:00,19.911
2025-07-12 12:00,20.674
2025-07-12 13:00,21.212
2025-07-12 14:00,21.555
2025-07-12 15:00,21.605
2025-07-12 16:00,21.254
2025-07-12 17:00,20.452
2025-07-12 18:00,19.180
2025-07-12 19:00,17.215
2025-07-12 20:00,16.210
2025-07-12 21:00,15.810
2025-07-12 22:00,15.502
2025-07-12 23:00,15.303
2025-07-13 00:00,15.172
2025-07-13 01:00,15.042
2025-07-13 02:00,14.985
2025-07-13 03:00,15.123
2025-07-13 04:00,15.708
2025-07-13 05:00,16.549
2025-07-13 06:00,17.705
2025-07-13 07:00,19.017
2025-07-13 08:00,20.087
2025-07-13 09:00,20.849
2025-07-13 10:00,21.401
2025-07-13 11:00,21.726
2025-07-13 12:00,21.888
2025-07-13 13:00,21.928
2025-07-13 14:00,21.906
2025-07-13 15:00,21.620
2025-07-13 16:00,21.221
2025-07-13 17:00,20.599
2025-07-13 18:00,19.589
2025-07-13 19:00,17.962
2025-07-13 20:00,17.178
2025-07-13 21:00,16.703
2025-07-13 22:00,16.306
2025-07-13 23:00,16.010
2025-07-14 00:00,15.816
2025-07-14 01:00,15.545
2025-07-14 02:00,15.457
2025-07-14 03:00,15.521
2025-07-14 04:00,16.850
2025-07-14 05:00,18.237
2025-07-14 06:00,19.719
2025-07-14 07:00,20.808
2025-07-14 08:00,21.790
2025-07-14 09:00,22.714
2025-07-14 10:00,23.483
2025-07-14 11:00,23.811
2025-07-14 12:00,24.089
2025-07-14 13:00,24.152
2025-07-14 14:00,24.005
2025-07-14 15:00,23.693
2025-07-14 16:00,23.116
2025-07-14 17:00,22.375
2025-07-14 18:00,20.988
2025-07-14 19:00,18.839
2025-07-14 20:00,17.766
2025-07-14 21:00,17.001
2025-07-14 22:00,16.390
2025-07-14 23:00,16.013
2025-07-15 00:00,15.877
2025-07-15 01:00,15.775
2025-07-15 02:00,15.628
2025-07-15 03:00,15.859
2025-07-15 04:00,16.861
2025-07-15 05:00,17.409
2025-07-15 06:00,17.812
2025-07-15 07:00,17.895
2025-07-15 08:00,17.792
2025-07-15 09:00,17.905
2025-07-15 10:00,18.395
2025-07-15 11:00,19.227
2025-07-15 12:00,20.189
2025-07-15 13:00,20.659
2025-07-15 14:00,20.674
2025-07-15 15:00,20.382
2025-07-15 16:00,19.731
2025-07-15 17:00,18.731
2025-07-15 18:00,17.149
2025-07-15 19:00,14.964
2025-07-15 20:00,13.879
2025-07-15 21:00,13.471
2025-07-15 22:00,13.050
2025-07-15 23:00,12.291
2025-07-16 00:00,11.841
2025-07-16 01:00,11.846
2025-07-16 02:00,12.419
2025-07-16 03:00,13.196
2025-07-16 04:00,14.158
2025-07-16 05:00,15.045
2025-07-16 06:00,16.332
2025-07-16 07:00,17.386
2025-07-16 08:00,17.881
2025-07-16 09:00,18.365
2025-07-16 10:00,19.116
2025-07-16 11:00,19.826
2025-07-16 12:00,20.112
2025-07-16 13:00,20.205
2025-07-16 14:00,20.256
2025-07-16 15:00,20.416
2025-07-16 16:00,20.282
2025-07-16 17:00,19.905
2025-07-16 18:00,18.563
2025-07-16 19:00,16.717
2025-07-16 20:00,15.950
2025-07-16 21:00,15.507
2025-07-16 22:00,15.216
2025-07-16 23:00,14.644
2025-07-17 00:00,14.000
2025-07-17 01:00,13.595
2025-07-17 02:00,13.570
2025-07-17 03:00,14.175
2025-07-17 04:00,15.656
2025-07-17 05:00,16.929
2025-07-17 06:00,18.075
2025-07-17 07:00,19.027
2025-07-17 08:00,19.956
2025-07-17 09:00,21.014
2025-07-17 10:00,21.978
2025-07-17 11:00,22.756
2025-07-17 12:00,23.303
2025-07-17 13:00,23.470
2025-07-17 14:00,23.204
2025-07-17 15:00,22.697
2025-07-17 16:00,22.069
2025-07-17 17:00,21.307
2025-07-17 18:00,20.225
2025-07-17 19:00,18.767
2025-07-17 20:00,18.026
2025-07-17 21:00,17.605
2025-07-17 22:00,17.344
2025-07-17 23:00,16.986
2025-07-18 00:00,16.493
2025-07-18 01:00,16.014
2025-07-18 02:00,15.742
2025-07-18 03:00,15.803
2025-07-18 04:00,17.164
2025-07-18 05:00,18.613
2025-07-18 06:00,20.132
2025-07-18 07:00,21.559
2025-07-18 08:00,22.667
2025-07-18 09:00,23.458
2025-07-18 10:00,23.944
2025-07-18 11:00,24.218
2025-07-18 12:00,24.502
2025-07-18 13:00,24.531
2025-07-18 14:00,24.390
2025-07-18 15:00,23.888
2025-07-18 16:00,23.371
2025-07-18 17:00,22.671
2025-07-18 18:00,21.400
2025-07-18 19:00,19.363
2025-07-18 20:00,18.401
2025-07-18 21:00,17.685
2025-07-18 22:00,17.042
2025-07-18 23:00,16.433
2025-07-19 00:00,15.862
2025-07-19 01:00,15.351
2025-07-19 02:00,14.924
2025-07-19 03:00,14.915
2025-07-19 04:00,16.945
2025-07-19 05:00,18.317
2025-07-19 06:00,20.448
2025-07-19 07:00,22.329
2025-07-19 08:00,23.593
2025-07-19 09:00,24.575
2025-07-19 10:00,25.359
2025-07-19 11:00,25.960
2025-07-19 12:00,26.369
2025-07-19 13:00,26.564
2025-07-19 14:00,26.521
2025-07-19 15:00,26.280
2025-07-19 16:00,25.750
2025-07-19 17:00,24.737
2025-07-19 18:00,23.057
2025-07-19 19:00,21.471
2025-07-19 20:00,20.926
2025-07-19 21:00,20.335
2025-07-19 22:00,19.743
2025-07-19 23:00,19.228
2025-07-20 00:00,18.716
2025-07-20 01:00,18.252
2025-07-20 02:00,17.765
2025-07-20 03:00,17.371
2025-07-20 04:00,17.973
2025-07-20 05:00,19.424
2025-07-20 06:00,21.575
2025-07-20 07:00,23.396
2025-07-20 08:00,24.800
2025-07-20 09:00,25.796
2025-07-20 10:00,26.508
2025-07-20 11:00,27.038
2025-07-20 12:00,27.408
2025-07-20 13:00,27.511
2025-07-20 14:00,27.267
2025-07-20 15:00,26.869
2025-07-20 16:00,26.393
2025-07-20 17:00,25.434
2025-07-20 18:00,23.955
2025-07-20 19:00,22.923
2025-07-20 20:00,22.375
2025-07-20 21:00,21.855
2025-07-20 22:00,21.300
2025-07-20 23:00,20.781
2025-07-21 00:00,20.239
2025-07-21 01:00,19.563
2025-07-21 02:00,18.989
2025-07-21 03:00,18.513
2025-07-21 04:00,18.405
2025-07-21 05:00,18.542
2025-07-21 06:00,18.882
2025-07-21 07:00,19.323
2025-07-21 08:00,19.768
2025-07-21 09:00,20.231
2025-07-21 10:00,20.762
2025-07-21 11:00,21.202
2025-07-21 12:00,21.374
2025-07-21 13:00,21.297
2025-07-21 14:00,21.065
2025-07-21 15:00,20.637
2025-07-21 16:00,20.046
2025-07-21 17:00,19.286
2025-07-21 18:00,18.391
2025-07-21 19:00,17.482
2025-07-21 20:00,16.918
2025-07-21 21:00,16.520
2025-07-21 22:00,16.189
2025-07-21 23:00,15.814
2025-07-22 00:00,15.476
2025-07-22 01:00,15.201
2025-07-22 02:00,14.923
2025-07-22 03:00,14.868
2025-07-22 04:00,15.566
2025-07-22 05:00,16.179
2025-07-22 06:00,16.952
2025-07-22 07:00,17.880
2025-07-22 08:00,18.810
2025-07-22 09:00,19.749
2025-07-22 10:00,20.534
2025-07-22 11:00,20.802
2025-07-22 12:00,20.675
2025-07-22 13:00,20.700
2025-07-22 14:00,20.510
2025-07-22 15:00,20.026
2025-07-22 16:00,19.466
2025-07-22 17:00,18.805
2025-07-22 18:00,18.103
2025-07-22 19:00,17.531
2025-07-22 20:00,17.207
2025-07-22 21:00,17.053
2025-07-22 22:00,16.965
2025-07-22 23:00,16.890
2025-07-23 00:00,16.806
2025-07-23 01:00,16.723
2025-07-23 02:00,16.785
2025-07-23 03:00,16.949
2025-07-23 04:00,17.201
2025-07-23 05:00,17.620
2025-07-23 06:00,18.310
2025-07-23 07:00,19.290
2025-07-23 08:00,20.214
2025-07-23 09:00,20.902
2025-07-23 10:00,21.398
2025-07-23 11:00,21.736
2025-07-23 12:00,21.767
2025-07-23 13:00,21.717
2025-07-23 14:00,21.496
2025-07-23 15:00,21.091
2025-07-23 16:00,20.580
2025-07-23 17:00,19.965
2025-07-23 18:00,19.143
2025-07-23 19:00,18.189
2025-07-23 20:00,17.708
2025-07-23 21:00,17.489
2025-07-23 22:00,17.332
2025-07-23 23:00,17.154
2025-07-24 00:00,16.966
2025-07-24 01:00,16.677
2025-07-24 02:00,16.518
2025-07-24 03:00,16.586
2025-07-24 04:00,17.289
2025-07-24 05:00,18.183
2025-07-24 06:00,19.519
2025-07-24 07:00,20.639
2025-07-24 08:00,21.538
2025-07-24 09:00,22.319
2025-07-24 10:00,22.805
2025-07-24 11:00,23.156
2025-07-24 12:00,23.347
2025-07-24 13:00,23.309
2025-07-24 14:00,23.079
2025-07-24 15:00,22.734
2025-07-24 16:00,22.234
2025-07-24 17:00,21.576
2025-07-24 18:00,20.451
2025-07-24 19:00,19.174
2025-07-24 20:00,18.693
2025-07-24 21:00,18.448
2025-07-24 22:00,18.261
2025-07-24 23:00,18.191
2025-07-25 00:00,18.115
2025-07-25 01:00,18.007
2025-07-25 02:00,17.892
2025-07-25 03:00,17.860
2025-07-25 04:00,18.466
2025-07-25 05:00,19.237
2025-07-25 06:00,20.199
2025-07-25 07:00,21.292
2025-07-25 08:00,22.201
2025-07-25 09:00,22.770
2025-07-25 10:00,23.174
2025-07-25 11:00,23.439
2025-07-25 12:00,23.565
2025-07-25 13:00,23.251
2025-07-25 14:00,22.682
2025-07-25 15:00,22.005
2025-07-25 16:00,21.133
2025-07-25 17:00,19.988
2025-07-25 18:00,18.632
2025-07-25 19:00,17.340
2025-07-25 20:00,16.432
2025-07-25 21:00,15.793
2025-07-25 22:00,15.370
2025-07-25 23:00,15.069
2025-07-26 00:00,14.880
2025-07-26 01:00,14.766
2025-07-26 02:00,14.589
2025-07-26 03:00,14.480
2025-07-26 04:00,15.809
2025-07-26 05:00,17.107
2025-07-26 06:00,18.528
2025-07-26 07:00,19.689
2025-07-26 08:00,20.639
2025-07-26 09:00,21.388
2025-07-26 10:00,22.139
2025-07-26 11:00,22.825
2025-07-26 12:00,23.052
2025-07-26 13:00,23.007
2025-07-26 14:00,22.894
2025-07-26 15:00,22.570
2025-07-26 16:00,22.100
2025-07-26 17:00,21.406
2025-07-26 18:00,19.642
2025-07-26 19:00,17.728
2025-07-26 20:00,16.927
2025-07-26 21:00,16.335
2025-07-26 22:00,15.905
2025-07-26 23:00,15.643
2025-07-27 00:00,15.485
2025-07-27 01:00,15.410
2025-07-27 02:00,15.320
2025-07-27 03:00,15.241
2025-07-27 04:00,16.371
2025-07-27 05:00,17.423
2025-07-27 06:00,18.219
2025-07-27 07:00,18.872
2025-07-27 08:00,19.461
2025-07-27 09:00,19.933
2025-07-27 10:00,20.329
2025-07-27 11:00,20.433
2025-07-27 12:00,20.288
2025-07-27 13:00,20.160
2025-07-27 14:00,19.937
2025-07-27 15:00,19.715
2025-07-27 16:00,19.432
2025-07-27 17:00,18.898
2025-07-27 18:00,17.958
2025-07-27 19:00,16.986
2025-07-27 20:00,16.592
2025-07-27 21:00,16.274
2025-07-27 22:00,15.997
2025-07-27 23:00,15.668
2025-07-28 00:00,15.464
2025-07-28 01:00,15.374
2025-07-28 02:00,15.127
2025-07-28 03:00,14.681
2025-07-28 04:00,15.149
2025-07-28 05:00,16.068
2025-07-28 06:00,17.231
2025-07-28 07:00,18.502
2025-07-28 08:00,19.728
2025-07-28 09:00,20.693
2025-07-28 10:00,21.262
2025-07-28 11:00,21.550
2025-07-28 12:00,21.703
2025-07-28 13:00,21.668
2025-07-28 14:00,21.371
2025-07-28 15:00,20.901
2025-07-28 16:00,20.175
2025-07-28 17:00,19.219
2025-07-28 18:00,17.773
2025-07-28 19:00,16.037
2025-07-28 20:00,15.354
2025-07-28 21:00,14.907
2025-07-28 22:00,14.492
2025-07-28 23:00,14.137
2025-07-29 00:00,13.882
2025-07-29 01:00,13.690
2025-07-29 02:00,13.500
2025-07-29 03:00,13.284
2025-07-29 04:00,14.251
2025-07-29 05:00,15.539
2025-07-29 06:00,17.105
2025-07-29 07:00,18.319
2025-07-29 08:00,19.262
2025-07-29 09:00,19.790
2025-07-29 10:00,20.085
2025-07-29 11:00,20.186
2025-07-29 12:00,20.139
2025-07-29 13:00,20.024
2025-07-29 14:00,19.757
2025-07-29 15:00,19.311
2025-07-29 16:00,18.754
2025-07-29 17:00,17.977
2025-07-29 18:00,16.621
2025-07-29 19:00,15.083
2025-07-29 20:00,14.843
2025-07-29 21:00,14.556
2025-07-29 22:00,14.131
2025-07-29 23:00,13.746
2025-07-30 00:00,13.497
2025-07-30 01:00,13.281
2025-07-30 02:00,13.113
2025-07-30 03:00,13.085
2025-07-30 04:00,13.498
2025-07-30 05:00,13.995
2025-07-30 06:00,14.747
2025-07-30 07:00,15.683
2025-07-30 08:00,16.478
2025-07-30 09:00,16.968
2025-07-30 10:00,17.293
2025-07-30 11:00,17.542
2025-07-30 12:00,17.728
2025-07-30 13:00,17.806
2025-07-30 14:00,17.604
2025-07-30 15:00,17.297
2025-07-30 16:00,16.810
2025-07-30 17:00,16.086
2025-07-30 18:00,15.335
2025-07-30 19:00,14.829
2025-07-30 20:00,14.584
2025-07-30 21:00,14.461
2025-07-30 22:00,14.381
2025-07-30 23:00,14.384
2025-07-31 00:00,14.389
2025-07-31 01:00,14.400
2025-07-31 02:00,14.410
2025-07-31 03:00,14.357
2025-07-31 04:00,14.568
2025-07-31 05:00,15.411
2025-07-31 06:00,16.642
2025-07-31 07:00,17.909
2025-07-31 08:00,19.095
2025-07-31 09:00,19.988
2025-07-31 10:00,20.550
2025-07-31 11:00,20.844
2025-07-31 12:00,20.875
2025-07-31 13:00,20.664
2025-07-31 14:00,20.296
2025-07-31 15:00,19.755
2025-07-31 16:00,19.113
2025-07-31 17:00,18.253
2025-07-31 18:00,16.959
2025-07-31 19:00,15.622
2025-07-31 20:00,15.252
2025-07-31 21:00,15.071
2025-07-31 22:00,14.897
2025-07-31 23:00,14.731
2025-08-01 00:00,14.591
2025-08-01 01:00,14.416
2025-08-01 02:00,14.173
2025-08-01 03:00,13.845
2025-08-01 04:00,14.709
2025-08-01 05:00,15.891
2025-08-01 06:00,17.263
2025-08-01 07:00,18.291
2025-08-01 08:00,18.960
2025-08-01 09:00,19.232
2025-08-01 10:00,19.277
2025-08-01 11:00,19.155
2025-08-01 12:00,19.295
2025-08-01 13:00,19.700
2025-08-01 14:00,20.002
2025-08-01 15:00,19.981
2025-08-01 16:00,19.532
2025-08-01 17:00,18.785
2025-08-01 18:00,17.290
2025-08-01 19:00,15.783
2025-08-01 20:00,15.245
2025-08-01 21:00,14.774
2025-08-01 22:00,14.415
2025-08-01 23:00,14.166
2025-08-02 00:00,14.010
2025-08-02 01:00,13.905
2025-08-02 02:00,13.774
2025-08-02 03:00,13.704
2025-08-02 04:00,14.607
2025-08-02 05:00,15.746
2025-08-02 06:00,17.100
2025-08-02 07:00,18.304
2025-08-02 08:00,19.177
2025-08-02 09:00,19.879
2025-08-02 10:00,20.417
2025-08-02 11:00,20.609
2025-08-02 12:00,20.778
2025-08-02 13:00,20.640
2025-08-02 14:00,20.428
2025-08-02 15:00,20.017
2025-08-02 16:00,19.319
2025-08-02 17:00,18.373
2025-08-02 18:00,17.157
2025-08-02 19:00,16.238
2025-08-02 20:00,15.919
2025-08-02 21:00,15.722
2025-08-02 22:00,15.520
2025-08-02 23:00,15.326
2025-08-03 00:00,15.097
2025-08-03 01:00,14.791
2025-08-03 02:00,14.539
2025-08-03 03:00,14.299
2025-08-03 04:00,14.386
2025-08-03 05:00,14.709
2025-08-03 06:00,15.125
2025-08-03 07:00,15.525
2025-08-03 08:00,15.787
2025-08-03 09:00,16.091
2025-08-03 10:00,16.430
2025-08-03 11:00,16.760
2025-08-03 12:00,17.071
2025-08-03 13:00,17.334
2025-08-03 14:00,17.563
2025-08-03 15:00,17.823
2025-08-03 16:00,17.980
2025-08-03 17:00,17.757
2025-08-03 18:00,16.622
2025-08-03 19:00,15.828
2025-08-03 20:00,15.615
2025-08-03 21:00,15.322
2025-08-03 22:00,15.162
2025-08-03 23:00,14.923
2025-08-04 00:00,14.784
2025-08-04 01:00,14.992
2025-08-04 02:00,15.208
2025-08-04 03:00,15.222
2025-08-04 04:00,15.692
2025-08-04 05:00,16.689
2025-08-04 06:00,17.719
2025-08-04 07:00,18.797
2025-08-04 08:00,19.874
2025-08-04 09:00,20.831
2025-08-04 10:00,21.585
2025-08-04 11:00,21.911
2025-08-04 12:00,22.065
2025-08-04 13:00,21.848
2025-08-04 14:00,21.419
2025-08-04 15:00,20.472
2025-08-04 16:00,19.481
2025-08-04 17:00,18.572
2025-08-04 18:00,18.000
2025-08-04 19:00,17.800
2025-08-04 20:00,17.856
2025-08-04 21:00,17.988
2025-08-04 22:00,17.998
2025-08-04 23:00,17.877
2025-08-05 00:00,17.275
2025-08-05 01:00,15.884
2025-08-05 02:00,14.385
2025-08-05 03:00,13.718
2025-08-05 04:00,14.411
2025-08-05 05:00,15.483
2025-08-05 06:00,16.895
2025-08-05 07:00,18.326
2025-08-05 08:00,19.359
2025-08-05 09:00,19.889
2025-08-05 10:00,20.199
2025-08-05 11:00,20.389
2025-08-05 12:00,20.121
2025-08-05 13:00,19.591
2025-08-05 14:00,18.888
2025-08-05 15:00,18.065
2025-08-05 16:00,17.029
2025-08-05 17:00,16.037
2025-08-05 18:00,14.885
2025-08-05 19:00,13.901
2025-08-05 20:00,13.303
2025-08-05 21:00,12.906
2025-08-05 22:00,12.501
2025-08-05 23:00,12.271
2025-08-06 00:00,12.159
2025-08-06 01:00,12.064
2025-08-06 02:00,11.867
2025-08-06 03:00,11.679
2025-08-06 04:00,12.055
2025-08-06 05:00,13.311
2025-08-06 06:00,15.143
2025-08-06 07:00,16.828
2025-08-06 08:00,18.060
2025-08-06 09:00,19.130
2025-08-06 10:00,19.390
2025-08-06 11:00,19.385
2025-08-06 12:00,19.553
2025-08-06 13:00,19.938
2025-08-06 14:00,19.746
2025-08-06 15:00,19.146
2025-08-06 16:00,18.395
2025-08-06 17:00,17.395
2025-08-06 18:00,15.707
2025-08-06 19:00,14.475
2025-08-06 20:00,13.986
2025-08-06 21:00,13.445
2025-08-06 22:00,13.126
2025-08-06 23:00,13.039
2025-08-07 00:00,13.014
2025-08-07 01:00,12.981
2025-08-07 02:00,12.831
2025-08-07 03:00,12.272
2025-08-07 04:00,12.842
2025-08-07 05:00,14.172
2025-08-07 06:00,15.751
2025-08-07 07:00,18.247
2025-08-07 08:00,20.034
2025-08-07 09:00,21.267
2025-08-07 10:00,21.805
2025-08-07 11:00,22.199
2025-08-07 12:00,22.786
2025-08-07 13:00,23.183
2025-08-07 14:00,22.794
2025-08-07 15:00,22.261
2025-08-07 16:00,21.704
2025-08-07 17:00,20.613
2025-08-07 18:00,19.164
2025-08-07 19:00,18.576
2025-08-07 20:00,18.200
2025-08-07 21:00,17.688
2025-08-07 22:00,17.007
2025-08-07 23:00,16.595
2025-08-08 00:00,16.229
2025-08-08 01:00,15.875
2025-08-08 02:00,15.700
2025-08-08 03:00,15.302
2025-08-08 04:00,15.482
2025-08-08 05:00,16.551
2025-08-08 06:00,17.588
2025-08-08 07:00,19.553
2025-08-08 08:00,21.309
2025-08-08 09:00,22.490
2025-08-08 10:00,23.355
2025-08-08 11:00,23.973
2025-08-08 12:00,24.133
2025-08-08 13:00,23.920
2025-08-08 14:00,23.363
2025-08-08 15:00,22.391
2025-08-08 16:00,21.296
2025-08-08 17:00,19.883
2025-08-08 18:00,17.555
2025-08-08 19:00,15.674
2025-08-08 20:00,14.818
2025-08-08 21:00,14.175
2025-08-08 22:00,13.802
2025-08-08 23:00,13.633
2025-08-09 00:00,13.743
2025-08-09 01:00,13.653
2025-08-09 02:00,13.316
2025-08-09 03:00,12.839
2025-08-09 04:00,13.217
2025-08-09 05:00,15.252
2025-08-09 06:00,17.219
2025-08-09 07:00,19.593
2025-08-09 08:00,21.183
2025-08-09 09:00,22.643
2025-08-09 10:00,23.722
2025-08-09 11:00,24.408
2025-08-09 12:00,24.615
2025-08-09 13:00,25.087
2025-08-09 14:00,24.948
2025-08-09 15:00,24.570
2025-08-09 16:00,23.929
2025-08-09 17:00,22.406
2025-08-09 18:00,20.703
2025-08-09 19:00,18.787
2025-08-09 20:00,17.307
2025-08-09 21:00,16.198
2025-08-09 22:00,15.378
2025-08-09 23:00,14.633
2025-08-10 00:00,13.756
2025-08-10 01:00,13.144
2025-08-10 02:00,12.850
2025-08-10 03:00,12.864
2025-08-10 04:00,13.838
2025-08-10 05:00,15.859
2025-08-10 06:00,17.841
2025-08-10 07:00,19.433
2025-08-10 08:00,20.406
2025-08-10 09:00,21.149
2025-08-10 10:00,21.687
2025-08-10 11:00,21.911
2025-08-10 12:00,21.937
2025-08-10 13:00,21.745
2025-08-10 14:00,21.281
2025-08-10 15:00,20.615
2025-08-10 16:00,19.681
2025-08-10 17:00,18.387
2025-08-10 18:00,16.027
2025-08-10 19:00,14.350
2025-08-10 20:00,13.647
2025-08-10 21:00,12.987
2025-08-10 22:00,12.511
2025-08-10 23:00,12.124
2025-08-11 00:00,11.954
2025-08-11 01:00,12.034
2025-08-11 02:00,12.113
2025-08-11 03:00,11.745
2025-08-11 04:00,11.818
2025-08-11 05:00,13.334
2025-08-11 06:00,15.530
2025-08-11 07:00,17.514
2025-08-11 08:00,18.468
2025-08-11 09:00,19.857
2025-08-11 10:00,21.098
2025-08-11 11:00,21.923
2025-08-11 12:00,22.513
2025-08-11 13:00,22.855
2025-08-11 14:00,22.880
2025-08-11 15:00,22.613
2025-08-11 16:00,22.121
2025-08-11 17:00,21.203
2025-08-11 18:00,19.428
2025-08-11 19:00,18.388
2025-08-11 20:00,17.719
2025-08-11 21:00,16.921
2025-08-11 22:00,15.717
2025-08-11 23:00,15.092
2025-08-12 00:00,14.467
2025-08-12 01:00,13.902
2025-08-12 02:00,13.459
2025-08-12 03:00,13.537
2025-08-12 04:00,14.357
2025-08-12 05:00,16.005
2025-08-12 06:00,17.186
2025-08-12 07:00,18.827
2025-08-12 08:00,21.259
2025-08-12 09:00,22.907
2025-08-12 10:00,24.110
2025-08-12 11:00,25.071
2025-08-12 12:00,25.721
2025-08-12 13:00,26.127
2025-08-12 14:00,25.988
2025-08-12 15:00,25.215
2025-08-12 16:00,24.239
2025-08-12 17:00,22.703
2025-08-12 18:00,20.953
2025-08-12 19:00,20.329
2025-08-12 20:00,19.713
2025-08-12 21:00,18.949
2025-08-12 22:00,18.262
2025-08-12 23:00,17.601
2025-08-13 00:00,16.996
2025-08-13 01:00,16.403
2025-08-13 02:00,16.027
2025-08-13 03:00,15.601
2025-08-13 04:00,15.628
2025-08-13 05:00,16.644
2025-08-13 06:00,18.360
2025-08-13 07:00,20.685
2025-08-13 08:00,23.085
2025-08-13 09:00,24.789
2025-08-13 10:00,26.329
2025-08-13 11:00,27.444
2025-08-13 12:00,28.110
2025-08-13 13:00,28.458
2025-08-13 14:00,28.536
2025-08-13 15:00,28.414
2025-08-13 16:00,27.154
2025-08-13 17:00,24.626
2025-08-13 18:00,22.536
2025-08-13 19:00,21.337
2025-08-13 20:00,20.726
2025-08-13 21:00,20.253
2025-08-13 22:00,19.675
2025-08-13 23:00,18.948
2025-08-14 00:00,18.173
2025-08-14 01:00,17.697
2025-08-14 02:00,17.163
2025-08-14 03:00,16.738
2025-08-14 04:00,17.383
2025-08-14 05:00,19.010
2025-08-14 06:00,20.526
2025-08-14 07:00,22.421
2025-08-14 08:00,24.821
2025-08-14 09:00,27.146
2025-08-14 10:00,28.684
2025-08-14 11:00,29.539
2025-08-14 12:00,30.090
2025-08-14 13:00,30.745
2025-08-14 14:00,31.548
2025-08-14 15:00,31.470
2025-08-14 16:00,30.600
2025-08-14 17:00,28.995
2025-08-14 18:00,27.395
2025-08-14 19:00,25.883
2025-08-14 20:00,24.952
2025-08-14 21:00,24.329
2025-08-14 22:00,23.932
2025-08-14 23:00,23.096
2025-08-15 00:00,22.306
2025-08-15 01:00,21.637
2025-08-15 02:00,21.073
2025-08-15 03:00,20.506
2025-08-15 04:00,20.016
2025-08-15 05:00,20.211
2025-08-15 06:00,21.185
2025-08-15 07:00,22.438
2025-08-15 08:00,23.560
2025-08-15 09:00,24.525
2025-08-15 10:00,25.310
2025-08-15 11:00,25.845
2025-08-15 12:00,26.116
2025-08-15 13:00,26.121
2025-08-15 14:00,25.790
2025-08-15 15:00,25.118
2025-08-15 16:00,24.016
2025-08-15 17:00,22.378
2025-08-15 18:00,20.306
2025-08-15 19:00,19.000
2025-08-15 20:00,18.201
2025-08-15 21:00,17.701
2025-08-15 22:00,17.260
2025-08-15 23:00,16.798
2025-08-16 00:00,16.276
2025-08-16 01:00,15.732
2025-08-16 02:00,15.217
2025-08-16 03:00,14.682
2025-08-16 04:00,14.646
2025-08-16 05:00,15.544
2025-08-16 06:00,16.643
2025-08-16 07:00,17.663
2025-08-16 08:00,18.681
2025-08-16 09:00,19.593
2025-08-16 10:00,20.392
2025-08-16 11:00,20.936
2025-08-16 12:00,21.215
2025-08-16 13:00,21.171
2025-08-16 14:00,20.787
2025-08-16 15:00,20.031
2025-08-16 16:00,18.937
2025-08-16 17:00,17.508
2025-08-16 18:00,15.692
2025-08-16 19:00,14.491
2025-08-16 20:00,13.887
2025-08-16 21:00,13.464
2025-08-16 22:00,13.094
2025-08-16 23:00,12.738
2025-08-17 00:00,12.446
2025-08-17 01:00,12.234
2025-08-17 02:00,11.958
2025-08-17 03:00,11.664
2025-08-17 04:00,12.243
2025-08-17 05:00,14.437
2025-08-17 06:00,16.179
2025-08-17 07:00,17.691
2025-08-17 08:00,19.022
2025-08-17 09:00,20.180
2025-08-17 10:00,21.015
2025-08-17 11:00,21.449
2025-08-17 12:00,21.626
2025-08-17 13:00,21.697
2025-08-17 14:00,21.709
2025-08-17 15:00,21.563
2025-08-17 16:00,21.087
2025-08-17 17:00,19.725
2025-08-17 18:00,17.049
2025-08-17 19:00,15.942
2025-08-17 20:00,15.340
2025-08-17 21:00,14.754
2025-08-17 22:00,14.148
2025-08-17 23:00,13.626
2025-08-18 00:00,13.268
2025-08-18 01:00,13.130
2025-08-18 02:00,13.045
2025-08-18 03:00,12.936
2025-08-18 04:00,13.200
2025-08-18 05:00,15.231
2025-08-18 06:00,17.402
2025-08-18 07:00,19.537
2025-08-18 08:00,20.886
2025-08-18 09:00,21.950
2025-08-18 10:00,22.750
2025-08-18 11:00,23.329
2025-08-18 12:00,23.708
2025-08-18 13:00,23.845
2025-08-18 14:00,23.715
2025-08-18 15:00,23.350
2025-08-18 16:00,22.829
2025-08-18 17:00,21.400
2025-08-18 18:00,19.114
2025-08-18 19:00,18.033
2025-08-18 20:00,17.349
2025-08-18 21:00,16.652
2025-08-18 22:00,15.889
2025-08-18 23:00,15.146
2025-08-19 00:00,14.451
2025-08-19 01:00,13.899
2025-08-19 02:00,13.551
2025-08-19 03:00,13.355
2025-08-19 04:00,13.539
2025-08-19 05:00,15.533
2025-08-19 06:00,17.105
2025-08-19 07:00,19.769
2025-08-19 08:00,21.751
2025-08-19 09:00,22.807
2025-08-19 10:00,23.571
2025-08-19 11:00,24.046
2025-08-19 12:00,24.179
2025-08-19 13:00,23.931
2025-08-19 14:00,23.377
2025-08-19 15:00,22.483
2025-08-19 16:00,21.229
2025-08-19 17:00,19.491
2025-08-19 18:00,17.093
2025-08-19 19:00,15.764
2025-08-19 20:00,14.930
2025-08-19 21:00,14.207
2025-08-19 22:00,13.665
2025-08-19 23:00,13.358
2025-08-20 00:00,13.223
2025-08-20 01:00,13.259
2025-08-20 02:00,13.580
2025-08-20 03:00,13.842
2025-08-20 04:00,14.561
2025-08-20 05:00,15.966
2025-08-20 06:00,17.272
2025-08-20 07:00,18.568
2025-08-20 08:00,19.566
2025-08-20 09:00,20.285
2025-08-20 10:00,20.892
2025-08-20 11:00,21.362
2025-08-20 12:00,21.674
2025-08-20 13:00,21.753
2025-08-20 14:00,21.561
2025-08-20 15:00,20.888
2025-08-20 16:00,19.972
2025-08-20 17:00,18.427
2025-08-20 18:00,16.030
2025-08-20 19:00,14.867
2025-08-20 20:00,14.065
2025-08-20 21:00,13.325
2025-08-20 22:00,12.659
2025-08-20 23:00,12.085
2025-08-21 00:00,11.727
2025-08-21 01:00,11.628
2025-08-21 02:00,11.661
2025-08-21 03:00,11.775
2025-08-21 04:00,11.775
2025-08-21 05:00,13.142
2025-08-21 06:00,15.231
2025-08-21 07:00,17.565
2025-08-21 08:00,18.799
2025-08-21 09:00,19.499
2025-08-21 10:00,19.843
2025-08-21 11:00,19.878
2025-08-21 12:00,19.840
2025-08-21 13:00,19.576
2025-08-21 14:00,19.117
2025-08-21 15:00,18.370
2025-08-21 16:00,17.528
2025-08-21 17:00,16.334
2025-08-21 18:00,14.862
2025-08-21 19:00,14.035
2025-08-21 20:00,13.170
2025-08-21 21:00,12.449
2025-08-21 22:00,11.982
2025-08-21 23:00,11.548
2025-08-22 00:00,11.316
2025-08-22 01:00,11.125
2025-08-22 02:00,11.050
2025-08-22 03:00,10.824
2025-08-22 04:00,10.998
2025-08-22 05:00,12.661
2025-08-22 06:00,14.329
2025-08-22 07:00,15.601
2025-08-22 08:00,16.367
2025-08-22 09:00,17.158
2025-08-22 10:00,17.018
2025-08-22 11:00,17.053
2025-08-22 12:00,17.225
2025-08-22 13:00,17.172
2025-08-22 14:00,16.965
2025-08-22 15:00,16.523
2025-08-22 16:00,16.109
2025-08-22 17:00,15.224
2025-08-22 18:00,14.295
2025-08-22 19:00,13.927
2025-08-22 20:00,13.551
2025-08-22 21:00,13.171
2025-08-22 22:00,12.771
2025-08-22 23:00,12.329
2025-08-23 00:00,11.795
2025-08-23 01:00,11.709
2025-08-23 02:00,11.672
2025-08-23 03:00,11.554
2025-08-23 04:00,11.365
2025-08-23 05:00,12.112
2025-08-23 06:00,13.379
2025-08-23 07:00,14.755
2025-08-23 08:00,15.926
2025-08-23 09:00,16.880
2025-08-23 10:00,17.599
2025-08-23 11:00,18.091
2025-08-23 12:00,18.442
2025-08-23 13:00,18.581
2025-08-23 14:00,18.568
2025-08-23 15:00,18.265
2025-08-23 16:00,17.598
2025-08-23 17:00,15.919
2025-08-23 18:00,13.485
2025-08-23 19:00,12.560
2025-08-23 20:00,12.010
2025-08-23 21:00,11.401
2025-08-23 22:00,10.672
2025-08-23 23:00,9.976
2025-08-24 00:00,9.361
2025-08-24 01:00,8.889
2025-08-24 02:00,8.574
2025-08-24 03:00,8.479
2025-08-24 04:00,8.927
2025-08-24 05:00,11.866
2025-08-24 06:00,14.006
2025-08-24 07:00,15.709
2025-08-24 08:00,16.850
2025-08-24 09:00,17.780
2025-08-24 10:00,18.371
2025-08-24 11:00,18.653
2025-08-24 12:00,18.597
2025-08-24 13:00,18.361
2025-08-24 14:00,17.758
2025-08-24 15:00,17.095
2025-08-24 16:00,16.517
2025-08-24 17:00,15.628
2025-08-24 18:00,14.066
2025-08-24 19:00,13.242
2025-08-24 20:00,12.723
2025-08-24 21:00,12.433
2025-08-24 22:00,12.447
2025-08-24 23:00,12.376
2025-08-25 00:00,12.203
2025-08-25 01:00,11.892
2025-08-25 02:00,11.768
2025-08-25 03:00,11.315
2025-08-25 04:00,11.055
2025-08-25 05:00,12.917
2025-08-25 06:00,14.475
2025-08-25 07:00,15.934
2025-08-25 08:00,16.869
2025-08-25 09:00,17.523
2025-08-25 10:00,18.592
2025-08-25 11:00,19.401
2025-08-25 12:00,19.793
2025-08-25 13:00,19.784
2025-08-25 14:00,19.417
2025-08-25 15:00,18.701
2025-08-25 16:00,17.726
2025-08-25 17:00,16.519
2025-08-25 18:00,15.059
2025-08-25 19:00,14.430
2025-08-25 20:00,14.128
2025-08-25 21:00,13.895
2025-08-25 22:00,13.449
2025-08-25 23:00,12.721
2025-08-26 00:00,12.197
2025-08-26 01:00,11.732
2025-08-26 02:00,11.365
2025-08-26 03:00,11.077
2025-08-26 04:00,10.969
2025-08-26 05:00,12.743
2025-08-26 06:00,14.577
2025-08-26 07:00,17.203
2025-08-26 08:00,18.912
2025-08-26 09:00,20.216
2025-08-26 10:00,21.110
2025-08-26 11:00,21.749
2025-08-26 12:00,22.361
2025-08-26 13:00,22.732
2025-08-26 14:00,22.805
2025-08-26 15:00,22.328
2025-08-26 16:00,21.184
2025-08-26 17:00,19.534
2025-08-26 18:00,18.344
2025-08-26 19:00,18.300
2025-08-26 20:00,17.821
2025-08-26 21:00,17.164
2025-08-26 22:00,16.516
2025-08-26 23:00,15.934
2025-08-27 00:00,15.453
2025-08-27 01:00,15.192
2025-08-27 02:00,15.041
2025-08-27 03:00,14.704
2025-08-27 04:00,14.765
2025-08-27 05:00,15.678
2025-08-27 06:00,16.832
2025-08-27 07:00,18.397
2025-08-27 08:00,20.772
2025-08-27 09:00,22.795
2025-08-27 10:00,23.989
2025-08-27 11:00,24.518
2025-08-27 12:00,24.579
2025-08-27 13:00,24.224
2025-08-27 14:00,23.208
2025-08-27 15:00,22.515
2025-08-27 16:00,22.235
2025-08-27 17:00,21.132
2025-08-27 18:00,19.933
2025-08-27 19:00,18.801
2025-08-27 20:00,18.121
2025-08-27 21:00,17.770
2025-08-27 22:00,17.519
2025-08-27 23:00,17.192
2025-08-28 00:00,16.835
2025-08-28 01:00,16.572
2025-08-28 02:00,16.323
2025-08-28 03:00,16.036
2025-08-28 04:00,15.890
2025-08-28 05:00,16.354
2025-08-28 06:00,16.859
2025-08-28 07:00,17.540
2025-08-28 08:00,18.948
2025-08-28 09:00,20.200
2025-08-28 10:00,21.132
2025-08-28 11:00,22.787
2025-08-28 12:00,22.953
2025-08-28 13:00,22.564
2025-08-28 14:00,22.240
2025-08-28 15:00,21.632
2025-08-28 16:00,20.576
2025-08-28 17:00,19.354
2025-08-28 18:00,18.374
2025-08-28 19:00,17.867
2025-08-28 20:00,17.345
2025-08-28 21:00,16.826
2025-08-28 22:00,16.395
2025-08-28 23:00,15.968
2025-08-29 00:00,15.604
2025-08-29 01:00,15.367
2025-08-29 02:00,15.115
2025-08-29 03:00,14.702
2025-08-29 04:00,14.276
2025-08-29 05:00,14.659
2025-08-29 06:00,15.459
2025-08-29 07:00,16.262
2025-08-29 08:00,17.547
2025-08-29 09:00,19.487
2025-08-29 10:00,20.989
2025-08-29 11:00,21.966
2025-08-29 12:00,22.417
2025-08-29 13:00,22.499
2025-08-29 14:00,22.302
2025-08-29 15:00,21.833
2025-08-29 16:00,20.910
2025-08-29 17:00,19.200
2025-08-29 18:00,17.430
2025-08-29 19:00,17.064
2025-08-29 20:00,16.795
2025-08-29 21:00,16.485
2025-08-29 22:00,16.105
2025-08-29 23:00,15.492
2025-08-30 00:00,14.933
2025-08-30 01:00,14.434
2025-08-30 02:00,14.300
2025-08-30 03:00,14.372
2025-08-30 04:00,14.028
2025-08-30 05:00,14.858
2025-08-30 06:00,16.104
2025-08-30 07:00,18.149
2025-08-30 08:00,19.561
2025-08-30 09:00,20.464
2025-08-30 10:00,21.177
2025-08-30 11:00,21.596
2025-08-30 12:00,21.785
2025-08-30 13:00,21.695
2025-08-30 14:00,21.645
2025-08-30 15:00,21.295
2025-08-30 16:00,20.624
2025-08-30 17:00,18.919
2025-08-30 18:00,17.155
2025-08-30 19:00,16.372
2025-08-30 20:00,15.812
2025-08-30 21:00,15.358
2025-08-30 22:00,14.878
2025-08-30 23:00,14.411
2025-08-31 00:00,14.001
2025-08-31 01:00,13.620
2025-08-31 02:00,13.294
2025-08-31 03:00,13.102
2025-08-31 04:00,12.988
2025-08-31 05:00,14.144
2025-08-31 06:00,15.749
2025-08-31 07:00,18.023
2025-08-31 08:00,20.728
2025-08-31 09:00,21.982
2025-08-31 10:00,22.447
2025-08-31 11:00,22.482
2025-08-31 12:00,22.381
2025-08-31 13:00,22.310
2025-08-31 14:00,22.235
2025-08-31 15:00,22.096
2025-08-31 16:00,21.720
2025-08-31 17:00,20.412
2025-08-31 18:00,19.241
2025-08-31 19:00,18.934
2025-08-31 20:00,18.820
2025-08-31 21:00,18.694
2025-08-31 22:00,18.466
2025-08-31 23:00,18.059
2025-09-01 00:00,17.452
2025-09-01 01:00,16.810
2025-09-01 02:00,16.137
2025-09-01 03:00,15.441
2025-09-01 04:00,14.865
2025-09-01 05:00,15.022
2025-09-01 06:00,16.328
2025-09-01 07:00,18.065
2025-09-01 08:00,19.912
2025-09-01 09:00,20.801
2025-09-01 10:00,20.821
2025-09-01 11:00,20.510
2025-09-01 12:00,20.279
2025-09-01 13:00,20.227
2025-09-01 14:00,19.846
2025-09-01 15:00,19.195
2025-09-01 16:00,18.508
2025-09-01 17:00,17.389
2025-09-01 18:00,16.736
2025-09-01 19:00,16.591
2025-09-01 20:00,16.299
2025-09-01 21:00,16.042
2025-09-01 22:00,15.396
2025-09-01 23:00,14.576
2025-09-02 00:00,14.078
2025-09-02 01:00,13.796
2025-09-02 02:00,13.615
2025-09-02 03:00,13.576
2025-09-02 04:00,13.763
2025-09-02 05:00,14.556
2025-09-02 06:00,14.912
2025-09-02 07:00,15.645
2025-09-02 08:00,17.681
2025-09-02 09:00,19.947
2025-09-02 10:00,21.319
2025-09-02 11:00,21.913
2025-09-02 12:00,22.170
2025-09-02 13:00,22.079
2025-09-02 14:00,21.542
2025-09-02 15:00,20.849
2025-09-02 16:00,20.100
2025-09-02 17:00,18.144
2025-09-02 18:00,16.333
2025-09-02 19:00,15.734
2025-09-02 20:00,14.950
2025-09-02 21:00,14.307
2025-09-02 22:00,13.811
2025-09-02 23:00,13.441
2025-09-03 00:00,13.179
2025-09-03 01:00,12.875
2025-09-03 02:00,12.481
2025-09-03 03:00,12.247
2025-09-03 04:00,12.099
2025-09-03 05:00,12.811
2025-09-03 06:00,14.374
2025-09-03 07:00,16.830
2025-09-03 08:00,18.922
2025-09-03 09:00,20.416
2025-09-03 10:00,21.478
2025-09-03 11:00,21.993
2025-09-03 12:00,22.220
2025-09-03 13:00,22.547
2025-09-03 14:00,22.907
2025-09-03 15:00,22.752
2025-09-03 16:00,22.146
2025-09-03 17:00,21.071
2025-09-03 18:00,20.356
2025-09-03 19:00,19.920
2025-09-03 20:00,19.174
2025-09-03 21:00,18.684
2025-09-03 22:00,18.003
2025-09-03 23:00,17.878
2025-09-04 00:00,17.613
2025-09-04 01:00,17.050
2025-09-04 02:00,16.556
2025-09-04 03:00,16.093
2025-09-04 04:00,15.711
2025-09-04 05:00,16.573
2025-09-04 06:00,18.152
2025-09-04 07:00,19.820
2025-09-04 08:00,20.771
2025-09-04 09:00,21.595
2025-09-04 10:00,22.329
2025-09-04 11:00,22.563
2025-09-04 12:00,22.611
2025-09-04 13:00,22.542
2025-09-04 14:00,22.300
2025-09-04 15:00,21.726
2025-09-04 16:00,21.002
2025-09-04 17:00,20.529
2025-09-04 18:00,19.560
2025-09-04 19:00,18.505
2025-09-04 20:00,17.736
2025-09-04 21:00,16.986
2025-09-04 22:00,16.566
2025-09-04 23:00,16.450
2025-09-05 00:00,16.370
2025-09-05 01:00,16.113
2025-09-05 02:00,15.652
2025-09-05 03:00,15.270
2025-09-05 04:00,14.959
2025-09-05 05:00,15.062
2025-09-05 06:00,15.560
2025-09-05 07:00,16.306
2025-09-05 08:00,17.660
2025-09-05 09:00,19.196
2025-09-05 10:00,20.320
2025-09-05 11:00,20.857
2025-09-05 12:00,21.047
2025-09-05 13:00,20.753
2025-09-05 14:00,20.343
2025-09-05 15:00,19.590
2025-09-05 16:00,18.675
2025-09-05 17:00,17.315
2025-09-05 18:00,15.691
2025-09-05 19:00,14.849
2025-09-05 20:00,14.044
2025-09-05 21:00,13.389
2025-09-05 22:00,12.813
2025-09-05 23:00,12.317
2025-09-06 00:00,11.870
2025-09-06 01:00,11.459
2025-09-06 02:00,11.097
2025-09-06 03:00,10.799
2025-09-06 04:00,10.601
2025-09-06 05:00,12.303
2025-09-06 06:00,14.698
2025-09-06 07:00,17.053
2025-09-06 08:00,18.599
2025-09-06 09:00,19.552
2025-09-06 10:00,20.316
2025-09-06 11:00,20.867
2025-09-06 12:00,21.216
2025-09-06 13:00,21.352
2025-09-06 14:00,21.317
2025-09-06 15:00,21.045
2025-09-06 16:00,20.423
2025-09-06 17:00,18.168
2025-09-06 18:00,15.956
2025-09-06 19:00,15.132
2025-09-06 20:00,14.704
2025-09-06 21:00,14.478
2025-09-06 22:00,14.321
2025-09-06 23:00,13.936
2025-09-07 00:00,13.312
2025-09-07 01:00,12.929
2025-09-07 02:00,12.349
2025-09-07 03:00,12.013
2025-09-07 04:00,11.954
2025-09-07 05:00,12.487
2025-09-07 06:00,13.625
2025-09-07 07:00,15.462
2025-09-07 08:00,18.036
2025-09-07 09:00,19.765
2025-09-07 10:00,20.834
2025-09-07 11:00,21.535
2025-09-07 12:00,21.897
2025-09-07 13:00,21.856
2025-09-07 14:00,21.618
2025-09-07 15:00,21.135
2025-09-07 16:00,20.063
2025-09-07 17:00,18.140
2025-09-07 18:00,17.009
2025-09-07 19:00,16.327
2025-09-07 20:00,15.557
2025-09-07 21:00,14.827
2025-09-07 22:00,14.118
2025-09-07 23:00,13.514
2025-09-08 00:00,13.030
2025-09-08 01:00,12.586
2025-09-08 02:00,12.062
2025-09-08 03:00,11.505
2025-09-08 04:00,10.948
2025-09-08 05:00,11.587
2025-09-08 06:00,13.302
2025-09-08 07:00,15.886
2025-09-08 08:00,18.701
2025-09-08 09:00,20.423
2025-09-08 10:00,21.567
2025-09-08 11:00,22.325
2025-09-08 12:00,22.806
2025-09-08 13:00,22.990
2025-09-08 14:00,22.815
2025-09-08 15:00,22.176
2025-09-08 16:00,20.599
2025-09-08 17:00,18.494
2025-09-08 18:00,17.510
2025-09-08 19:00,17.221
2025-09-08 20:00,16.806
2025-09-08 21:00,16.279
2025-09-08 22:00,15.603
2025-09-08 23:00,14.993
2025-09-09 00:00,14.284
2025-09-09 01:00,13.478
2025-09-09 02:00,12.742
2025-09-09 03:00,12.474
2025-09-09 04:00,12.027
2025-09-09 05:00,13.019
2025-09-09 06:00,15.032
2025-09-09 07:00,16.971
2025-09-09 08:00,19.908
2025-09-09 09:00,21.324
2025-09-09 10:00,21.854
2025-09-09 11:00,22.190
2025-09-09 12:00,22.472
2025-09-09 13:00,22.647
2025-09-09 14:00,22.460
2025-09-09 15:00,21.841
2025-09-09 16:00,20.732
2025-09-09 17:00,19.259
2025-09-09 18:00,18.662
2025-09-09 19:00,18.440
2025-09-09 20:00,18.074
2025-09-09 21:00,17.637
2025-09-09 22:00,17.082
2025-09-09 23:00,16.437
2025-09-10 00:00,15.915
2025-09-10 01:00,15.509
2025-09-10 02:00,15.097
2025-09-10 03:00,14.727
2025-09-10 04:00,14.297
2025-09-10 05:00,14.605
2025-09-10 06:00,15.342
2025-09-10 07:00,16.130
2025-09-10 08:00,17.061
2025-09-10 09:00,18.239
2025-09-10 10:00,19.300
2025-09-10 11:00,19.639
2025-09-10 12:00,19.569
2025-09-10 13:00,19.248
2025-09-10 14:00,18.783
2025-09-10 15:00,18.226
2025-09-10 16:00,17.286
2025-09-10 17:00,16.084
2025-09-10 18:00,15.432
2025-09-10 19:00,15.094
2025-09-10 20:00,14.630
2025-09-10 21:00,13.811
2025-09-10 22:00,13.053
2025-09-10 23:00,12.503
2025-09-11 00:00,12.017
2025-09-11 01:00,11.603
2025-09-11 02:00,11.281
2025-09-11 03:00,11.079
2025-09-11 04:00,11.064
2025-09-11 05:00,11.827
2025-09-11 06:00,13.247
2025-09-11 07:00,15.299
2025-09-11 08:00,17.622
2025-09-11 09:00,19.084
2025-09-11 10:00,19.614
2025-09-11 11:00,19.960
2025-09-11 12:00,20.080
2025-09-11 13:00,19.736
2025-09-11 14:00,19.270
2025-09-11 15:00,18.514
2025-09-11 16:00,17.553
2025-09-11 17:00,15.586
2025-09-11 18:00,14.583
2025-09-11 19:00,14.493
2025-09-11 20:00,14.322
2025-09-11 21:00,13.887
2025-09-11 22:00,13.412
2025-09-11 23:00,12.896
2025-09-12 00:00,12.297
2025-09-12 01:00,11.817
2025-09-12 02:00,11.479
2025-09-12 03:00,11.120
2025-09-12 04:00,10.776
2025-09-12 05:00,11.013
2025-09-12 06:00,12.370
2025-09-12 07:00,14.424
2025-09-12 08:00,16.053
2025-09-12 09:00,17.129
2025-09-12 10:00,17.824
2025-09-12 11:00,18.339
2025-09-12 12:00,18.652
2025-09-12 13:00,18.722
2025-09-12 14:00,18.505
2025-09-12 15:00,17.690
2025-09-12 16:00,16.538
2025-09-12 17:00,14.734
2025-09-12 18:00,13.657
2025-09-12 19:00,12.962
2025-09-12 20:00,12.215
2025-09-12 21:00,11.643
2025-09-12 22:00,11.358
2025-09-12 23:00,11.186
2025-09-13 00:00,10.890
2025-09-13 01:00,10.429
2025-09-13 02:00,9.992
2025-09-13 03:00,9.571
2025-09-13 04:00,9.189
2025-09-13 05:00,9.469
2025-09-13 06:00,10.914
2025-09-13 07:00,12.922
2025-09-13 08:00,14.923
2025-09-13 09:00,15.554
2025-09-13 10:00,15.622
2025-09-13 11:00,15.648
2025-09-13 12:00,16.005
2025-09-13 13:00,16.505
2025-09-13 14:00,16.906
2025-09-13 15:00,16.968
2025-09-13 16:00,16.205
2025-09-13 17:00,14.228
2025-09-13 18:00,13.444
2025-09-13 19:00,13.516
2025-09-13 20:00,13.561
2025-09-13 21:00,13.435
2025-09-13 22:00,12.963
2025-09-13 23:00,12.349
2025-09-14 00:00,11.762
2025-09-14 01:00,11.313
2025-09-14 02:00,10.949
2025-09-14 03:00,10.722
2025-09-14 04:00,10.616
2025-09-14 05:00,10.896
2025-09-14 06:00,12.183
2025-09-14 07:00,13.745
2025-09-14 08:00,15.140
2025-09-14 09:00,16.239
2025-09-14 10:00,17.054
2025-09-14 11:00,17.573
2025-09-14 12:00,17.892
2025-09-14 13:00,18.047
2025-09-14 14:00,18.028
2025-09-14 15:00,17.687
2025-09-14 16:00,16.583
2025-09-14 17:00,14.303
2025-09-14 18:00,13.622
2025-09-14 19:00,13.585
2025-09-14 20:00,13.757
2025-09-14 21:00,13.609
2025-09-14 22:00,13.233
2025-09-14 23:00,12.910
2025-09-15 00:00,12.471
2025-09-15 01:00,11.823
2025-09-15 02:00,11.355
2025-09-15 03:00,11.448
2025-09-15 04:00,12.080
2025-09-15 05:00,14.075
2025-09-15 06:00,16.098
2025-09-15 07:00,17.587
2025-09-15 08:00,17.914
2025-09-15 09:00,18.473
2025-09-15 10:00,19.122
2025-09-15 11:00,19.591
2025-09-15 12:00,19.681
2025-09-15 13:00,19.578
2025-09-15 14:00,18.995
2025-09-15 15:00,18.299
2025-09-15 16:00,17.352
2025-09-15 17:00,16.113
2025-09-15 18:00,15.370
2025-09-15 19:00,14.900
2025-09-15 20:00,14.465
2025-09-15 21:00,14.112
2025-09-15 22:00,13.899
2025-09-15 23:00,13.800
2025-09-16 00:00,13.718
2025-09-16 01:00,13.699
2025-09-16 02:00,13.711
2025-09-16 03:00,13.677
2025-09-16 04:00,13.616
2025-09-16 05:00,13.635
2025-09-16 06:00,14.002
2025-09-16 07:00,14.748
2025-09-16 08:00,15.659
2025-09-16 09:00,16.395
2025-09-16 10:00,16.632
2025-09-16 11:00,16.482
2025-09-16 12:00,16.381
2025-09-16 13:00,16.326
2025-09-16 14:00,16.032
2025-09-16 15:00,15.571
2025-09-16 16:00,14.900
2025-09-16 17:00,14.012
2025-09-16 18:00,13.471
2025-09-16 19:00,13.081
2025-09-16 20:00,12.644
2025-09-16 21:00,12.529
2025-09-16 22:00,12.516
2025-09-16 23:00,12.324
2025-09-17 00:00,11.985
2025-09-17 01:00,11.651
2025-09-17 02:00,11.499
2025-09-17 03:00,11.496
2025-09-17 04:00,11.594
2025-09-17 05:00,11.849
2025-09-17 06:00,12.405
2025-09-17 07:00,13.291
2025-09-17 08:00,15.123
2025-09-17 09:00,16.909
2025-09-17 10:00,17.817
2025-09-17 11:00,18.251
2025-09-17 12:00,18.446
2025-09-17 13:00,18.436
2025-09-17 14:00,18.162
2025-09-17 15:00,17.460
2025-09-17 16:00,16.166
2025-09-17 17:00,14.628
2025-09-17 18:00,14.068
2025-09-17 19:00,13.736
2025-09-17 20:00,13.528
2025-09-17 21:00,13.628
2025-09-17 22:00,13.952
2025-09-17 23:00,14.222
2025-09-18 00:00,14.422
2025-09-18 01:00,14.599
2025-09-18 02:00,14.889
2025-09-18 03:00,15.207
2025-09-18 04:00,15.391
2025-09-18 05:00,15.589
2025-09-18 06:00,16.261
2025-09-18 07:00,17.388
2025-09-18 08:00,18.763
2025-09-18 09:00,20.150
2025-09-18 10:00,21.083
2025-09-18 11:00,21.529
2025-09-18 12:00,21.630
2025-09-18 13:00,21.279
2025-09-18 14:00,20.644
2025-09-18 15:00,20.090
2025-09-18 16:00,19.364
2025-09-18 17:00,18.486
2025-09-18 18:00,18.233
2025-09-18 19:00,18.112
2025-09-18 20:00,17.984
2025-09-18 21:00,17.865
2025-09-18 22:00,17.694
2025-09-18 23:00,17.437
2025-09-19 00:00,17.171
2025-09-19 01:00,16.856
2025-09-19 02:00,16.494
2025-09-19 03:00,16.156
2025-09-19 04:00,15.799
2025-09-19 05:00,15.613
2025-09-19 06:00,16.252
2025-09-19 07:00,17.539
2025-09-19 08:00,19.160
2025-09-19 09:00,20.465
2025-09-19 10:00,21.281
2025-09-19 11:00,21.787
2025-09-19 12:00,22.276
2025-09-19 13:00,22.524
2025-09-19 14:00,22.491
2025-09-19 15:00,22.147
2025-09-19 16:00,20.628
2025-09-19 17:00,17.980
2025-09-19 18:00,17.170
2025-09-19 19:00,16.962
2025-09-19 20:00,16.776
2025-09-19 21:00,16.327
2025-09-19 22:00,15.812
2025-09-19 23:00,15.543
2025-09-20 00:00,15.183
2025-09-20 01:00,14.342
2025-09-20 02:00,13.736
2025-09-20 03:00,13.549
2025-09-20 04:00,13.636
2025-09-20 05:00,14.069
2025-09-20 06:00,15.395
2025-09-20 07:00,16.730
2025-09-20 08:00,18.218
2025-09-20 09:00,19.574
2025-09-20 10:00,21.077
2025-09-20 11:00,22.572
2025-09-20 12:00,24.453
2025-09-20 13:00,24.733
2025-09-20 14:00,25.175
2025-09-20 15:00,24.532
2025-09-20 16:00,22.280
2025-09-20 17:00,20.512
2025-09-20 18:00,19.783
2025-09-20 19:00,19.597
2025-09-20 20:00,19.158
2025-09-20 21:00,18.978
2025-09-20 22:00,19.391
2025-09-20 23:00,19.440
2025-09-21 00:00,19.368
2025-09-21 01:00,19.073
2025-09-21 02:00,18.681
2025-09-21 03:00,18.521
2025-09-21 04:00,18.561
2025-09-21 05:00,18.400
2025-09-21 06:00,18.239
2025-09-21 07:00,17.870
2025-09-21 08:00,17.294
2025-09-21 09:00,17.331
2025-09-21 10:00,17.907
2025-09-21 11:00,17.147
2025-09-21 12:00,16.822
2025-09-21 13:00,17.014
2025-09-21 14:00,16.710
2025-09-21 15:00,15.663
2025-09-21 16:00,14.284
2025-09-21 17:00,13.210
2025-09-21 18:00,12.247
2025-09-21 19:00,11.522
2025-09-21 20:00,11.183
2025-09-21 21:00,11.380
2025-09-21 22:00,11.204
2025-09-21 23:00,10.854
2025-09-22 00:00,10.552
2025-09-22 01:00,10.516
2025-09-22 02:00,10.320
2025-09-22 03:00,10.278
2025-09-22 04:00,10.080
2025-09-22 05:00,9.779
2025-09-22 06:00,11.109
2025-09-22 07:00,11.925
2025-09-22 08:00,13.308
2025-09-22 09:00,14.670
2025-09-22 10:00,15.346
2025-09-22 11:00,15.670
2025-09-22 12:00,15.731
2025-09-22 13:00,15.611
2025-09-22 14:00,15.257
2025-09-22 15:00,14.568
2025-09-22 16:00,13.196
2025-09-22 17:00,10.664
2025-09-22 18:00,9.764
2025-09-22 19:00,9.253
2025-09-22 20:00,8.844
2025-09-22 21:00,8.530
2025-09-22 22:00,8.260
2025-09-22 23:00,8.054
2025-09-23 00:00,8.063
2025-09-23 01:00,8.246
2025-09-23 02:00,8.241
2025-09-23 03:00,8.020
2025-09-23 04:00,7.395
2025-09-23 05:00,7.199
2025-09-23 06:00,9.899
2025-09-23 07:00,12.130
2025-09-23 08:00,13.839
2025-09-23 09:00,14.884
2025-09-23 10:00,15.646
2025-09-23 11:00,16.154
2025-09-23 12:00,16.382
2025-09-23 13:00,16.321
2025-09-23 14:00,15.996
2025-09-23 15:00,15.294
2025-09-23 16:00,13.430
2025-09-23 17:00,10.578
2025-09-23 18:00,9.717
2025-09-23 19:00,9.256
2025-09-23 20:00,8.925
2025-09-23 21:00,8.584
2025-09-23 22:00,8.102
2025-09-23 23:00,7.579
2025-09-24 00:00,7.077
2025-09-24 01:00,6.630
2025-09-24 02:00,6.297
2025-09-24 03:00,6.080
2025-09-24 04:00,5.842
2025-09-24 05:00,5.892
2025-09-24 06:00,8.731
2025-09-24 07:00,11.203
2025-09-24 08:00,13.610
2025-09-24 09:00,14.825
2025-09-24 10:00,15.688
2025-09-24 11:00,16.301
2025-09-24 12:00,16.624
2025-09-24 13:00,16.618
2025-09-24 14:00,16.311
2025-09-24 15:00,15.581
2025-09-24 16:00,13.992
2025-09-24 17:00,11.872
2025-09-24 18:00,11.315
2025-09-24 19:00,10.801
2025-09-24 20:00,10.333
2025-09-24 21:00,9.931
2025-09-24 22:00,9.582
2025-09-24 23:00,9.248
2025-09-25 00:00,8.897
2025-09-25 01:00,8.520
2025-09-25 02:00,8.151
2025-09-25 03:00,7.816
2025-09-25 04:00,7.548
2025-09-25 05:00,7.533
2025-09-25 06:00,9.059
2025-09-25 07:00,11.231
2025-09-25 08:00,13.079
2025-09-25 09:00,14.382
2025-09-25 10:00,15.272
2025-09-25 11:00,15.846
2025-09-25 12:00,16.177
2025-09-25 13:00,16.224
2025-09-25 14:00,15.943
2025-09-25 15:00,15.260
2025-09-25 16:00,13.992
2025-09-25 17:00,12.475
2025-09-25 18:00,11.798
2025-09-25 19:00,11.303
2025-09-25 20:00,11.001
2025-09-25 21:00,10.583
2025-09-25 22:00,10.360
2025-09-25 23:00,10.041
2025-09-26 00:00,9.719
2025-09-26 01:00,9.703
2025-09-26 02:00,9.657
2025-09-26 03:00,9.451
2025-09-26 04:00,9.066
2025-09-26 05:00,9.257
2025-09-26 06:00,10.076
2025-09-26 07:00,11.218
2025-09-26 08:00,12.459
2025-09-26 09:00,13.490
2025-09-26 10:00,14.255
2025-09-26 11:00,14.736
2025-09-26 12:00,14.914
2025-09-26 13:00,14.887
2025-09-26 14:00,14.728
2025-09-26 15:00,14.280
2025-09-26 16:00,13.340
2025-09-26 17:00,12.457
2025-09-26 18:00,12.082
2025-09-26 19:00,11.792
2025-09-26 20:00,11.516
2025-09-26 21:00,11.235
2025-09-26 22:00,10.979
2025-09-26 23:00,10.724
2025-09-27 00:00,10.144
2025-09-27 01:00,9.795
2025-09-27 02:00,9.578
2025-09-27 03:00,9.395
2025-09-27 04:00,9.162
2025-09-27 05:00,9.063
2025-09-27 06:00,9.851
2025-09-27 07:00,11.429
2025-09-27 08:00,13.420
2025-09-27 09:00,15.260
2025-09-27 10:00,16.673
2025-09-27 11:00,17.706
2025-09-27 12:00,18.344
2025-09-27 13:00,18.500
2025-09-27 14:00,18.233
2025-09-27 15:00,17.631
2025-09-27 16:00,16.261
2025-09-27 17:00,14.725
2025-09-27 18:00,14.397
2025-09-27 19:00,14.003
2025-09-27 20:00,13.443
2025-09-27 21:00,12.903
2025-09-27 22:00,12.382
2025-09-27 23:00,11.813
2025-09-28 00:00,11.186
2025-09-28 01:00,10.638
2025-09-28 02:00,10.115
2025-09-28 03:00,9.724
2025-09-28 04:00,9.208
2025-09-28 05:00,8.544
2025-09-28 06:00,9.419
2025-09-28 07:00,10.817
2025-09-28 08:00,13.131
2025-09-28 09:00,15.984
2025-09-28 10:00,17.480
2025-09-28 11:00,18.332
2025-09-28 12:00,18.826
2025-09-28 13:00,18.970
2025-09-28 14:00,18.693
2025-09-28 15:00,17.766
2025-09-28 16:00,15.258
2025-09-28 17:00,12.810
2025-09-28 18:00,12.144
2025-09-28 19:00,11.402
2025-09-28 20:00,10.590
2025-09-28 21:00,9.773
2025-09-28 22:00,8.976
2025-09-28 23:00,8.359
2025-09-29 00:00,7.803
2025-09-29 01:00,7.308
2025-09-29 02:00,6.868
2025-09-29 03:00,6.445
2025-09-29 04:00,6.109
2025-09-29 05:00,5.958
2025-09-29 06:00,7.373
2025-09-29 07:00,9.305
2025-09-29 08:00,12.144
2025-09-29 09:00,15.035
2025-09-29 10:00,16.330
2025-09-29 11:00,17.038
2025-09-29 12:00,17.417
2025-09-29 13:00,17.481
2025-09-29 14:00,17.254
2025-09-29 15:00,16.437
2025-09-29 16:00,14.501
2025-09-29 17:00,13.366
2025-09-29 18:00,13.227
2025-09-29 19:00,12.723
2025-09-29 20:00,12.121
2025-09-29 21:00,11.467
2025-09-29 22:00,10.810
2025-09-29 23:00,10.221
2025-09-30 00:00,9.540
2025-09-30 01:00,9.023
2025-09-30 02:00,8.782
2025-09-30 03:00,8.447
2025-09-30 04:00,8.032
2025-09-30 05:00,7.637
2025-09-30 06:00,8.418
2025-09-30 07:00,9.957
2025-09-30 08:00,12.498
2025-09-30 09:00,14.366
2025-09-30 10:00,15.539
2025-09-30 11:00,16.207
2025-09-30 12:00,16.431
2025-09-30 13:00,16.323
2025-09-30 14:00,15.913
2025-09-30 15:00,15.033
2025-09-30 16:00,12.683
2025-09-30 17:00,10.331
2025-09-30 18:00,9.679
2025-09-30 19:00,8.990
2025-09-30 20:00,8.241
2025-09-30 21:00,7.486
2025-09-30 22:00,6.707
2025-09-30 23:00,5.934
2025-10-01 00:00,5.246
2025-10-01 01:00,4.653
2025-10-01 02:00,4.148
2025-10-01 03:00,3.706
2025-10-01 04:00,3.374
2025-10-01 05:00,3.305
2025-10-01 06:00,5.313
2025-10-01 07:00,7.257
2025-10-01 08:00,10.214
2025-10-01 09:00,12.037
2025-10-01 10:00,13.184
2025-10-01 11:00,13.993
2025-10-01 12:00,14.488
2025-10-01 13:00,14.672
2025-10-01 14:00,14.498
2025-10-01 15:00,13.793
2025-10-01 16:00,11.845
2025-10-01 17:00,10.314
2025-10-01 18:00,9.994
2025-10-01 19:00,9.558
2025-10-01 20:00,9.074
2025-10-01 21:00,8.436
2025-10-01 22:00,7.536
2025-10-01 23:00,6.541
2025-10-02 00:00,5.592
2025-10-02 01:00,4.810
2025-10-02 02:00,4.232
2025-10-02 03:00,3.928
2025-10-02 04:00,3.793
2025-10-02 05:00,3.811
2025-10-02 06:00,5.674
2025-10-02 07:00,7.685
2025-10-02 08:00,10.551
2025-10-02 09:00,12.400
2025-10-02 10:00,13.517
2025-10-02 11:00,14.342
2025-10-02 12:00,14.865
2025-10-02 13:00,15.070
2025-10-02 14:00,14.906
2025-10-02 15:00,14.134
2025-10-02 16:00,11.334
2025-10-02 17:00,8.934
2025-10-02 18:00,8.389
2025-10-02 19:00,7.989
2025-10-02 20:00,7.603
2025-10-02 21:00,7.234
2025-10-02 22:00,6.622
2025-10-02 23:00,5.933
2025-10-03 00:00,5.225
2025-10-03 01:00,4.593
2025-10-03 02:00,4.179
2025-10-03 03:00,3.980
2025-10-03 04:00,3.873
2025-10-03 05:00,3.748
2025-10-03 06:00,4.735
2025-10-03 07:00,6.832
2025-10-03 08:00,9.742
2025-10-03 09:00,12.709
2025-10-03 10:00,14.210
2025-10-03 11:00,15.162
2025-10-03 12:00,15.633
2025-10-03 13:00,15.633
2025-10-03 14:00,15.218
2025-10-03 15:00,14.102
2025-10-03 16:00,12.302
2025-10-03 17:00,11.380
2025-10-03 18:00,10.881
2025-10-03 19:00,10.369
2025-10-03 20:00,10.011
2025-10-03 21:00,9.703
2025-10-03 22:00,9.280
2025-10-03 23:00,9.042
2025-10-04 00:00,8.805
2025-10-04 01:00,8.712
2025-10-04 02:00,8.635
2025-10-04 03:00,8.563
2025-10-04 04:00,8.508
2025-10-04 05:00,8.595
2025-10-04 06:00,8.985
2025-10-04 07:00,9.768
2025-10-04 08:00,10.865
2025-10-04 09:00,12.214
2025-10-04 10:00,13.458
2025-10-04 11:00,13.827
2025-10-04 12:00,13.812
2025-10-04 13:00,14.252
2025-10-04 14:00,13.739
2025-10-04 15:00,12.701
2025-10-04 16:00,11.439
2025-10-04 17:00,10.318
2025-10-04 18:00,9.806
2025-10-04 19:00,9.637
2025-10-04 20:00,9.717
2025-10-04 21:00,10.010
2025-10-04 22:00,10.146
2025-10-04 23:00,10.161
2025-10-05 00:00,10.043
2025-10-05 01:00,9.747
2025-10-05 02:00,9.505
2025-10-05 03:00,9.535
2025-10-05 04:00,9.686
2025-10-05 05:00,9.759
2025-10-05 06:00,9.926
2025-10-05 07:00,10.569
2025-10-05 08:00,11.614
2025-10-05 09:00,12.728
2025-10-05 10:00,13.588
2025-10-05 11:00,14.019
2025-10-05 12:00,13.874
2025-10-05 13:00,13.379
2025-10-05 14:00,12.958
2025-10-05 15:00,12.265
2025-10-05 16:00,11.632
2025-10-05 17:00,11.203
2025-10-05 18:00,11.039
2025-10-05 19:00,11.037
2025-10-05 20:00,11.063
2025-10-05 21:00,10.999
2025-10-05 22:00,10.887
2025-10-05 23:00,10.819
2025-10-06 00:00,10.807
2025-10-06 01:00,10.724
2025-10-06 02:00,10.587
2025-10-06 03:00,10.564
2025-10-06 04:00,10.614
2025-10-06 05:00,10.473
2025-10-06 06:00,10.944
2025-10-06 07:00,12.069
2025-10-06 08:00,13.352
2025-10-06 09:00,14.320
2025-10-06 10:00,14.904
2025-10-06 11:00,15.340
2025-10-06 12:00,15.608
2025-10-06 13:00,15.630
2025-10-06 14:00,15.283
2025-10-06 15:00,14.759
2025-10-06 16:00,13.420
2025-10-06 17:00,12.032
2025-10-06 18:00,11.716
2025-10-06 19:00,11.392
2025-10-06 20:00,11.221
2025-10-06 21:00,11.282
2025-10-06 22:00,11.293
2025-10-06 23:00,11.266
2025-10-07 00:00,11.241
2025-10-07 01:00,11.193
2025-10-07 02:00,10.945
2025-10-07 03:00,10.792
2025-10-07 04:00,10.783
2025-10-07 05:00,10.941
2025-10-07 06:00,11.843
2025-10-07 07:00,12.873
2025-10-07 08:00,13.662
2025-10-07 09:00,14.585
2025-10-07 10:00,15.478
2025-10-07 11:00,16.071
2025-10-07 12:00,16.434
2025-10-07 13:00,16.397
2025-10-07 14:00,16.088
2025-10-07 15:00,15.757
2025-10-07 16:00,15.029
2025-10-07 17:00,14.697
2025-10-07 18:00,14.863
2025-10-07 19:00,14.783
2025-10-07 20:00,14.495
2025-10-07 21:00,13.990
2025-10-07 22:00,13.519
2025-10-07 23:00,13.255
2025-10-08 00:00,13.017
2025-10-08 01:00,12.816
2025-10-08 02:00,12.587
2025-10-08 03:00,12.352
2025-10-08 04:00,12.229
2025-10-08 05:00,12.073
2025-10-08 06:00,12.327
2025-10-08 07:00,13.107
2025-10-08 08:00,14.143
2025-10-08 09:00,15.202
2025-10-08 10:00,15.964
2025-10-08 11:00,16.582
2025-10-08 12:00,16.753
2025-10-08 13:00,16.709
2025-10-08 14:00,16.342
2025-10-08 15:00,15.650
2025-10-08 16:00,14.230
2025-10-08 17:00,13.127
2025-10-08 18:00,12.567
2025-10-08 19:00,11.789
2025-10-08 20:00,10.976
2025-10-08 21:00,10.872
2025-10-08 22:00,10.626
2025-10-08 23:00,10.226
2025-10-09 00:00,9.871
2025-10-09 01:00,9.752
2025-10-09 02:00,9.668
2025-10-09 03:00,9.529
2025-10-09 04:00,9.484
2025-10-09 05:00,9.499
2025-10-09 06:00,10.121
2025-10-09 07:00,11.497
2025-10-09 08:00,12.445
2025-10-09 09:00,13.765
2025-10-09 10:00,14.968
2025-10-09 11:00,15.769
2025-10-09 12:00,15.705
2025-10-09 13:00,15.325
2025-10-09 14:00,15.038
2025-10-09 15:00,14.571
2025-10-09 16:00,13.874
2025-10-09 17:00,13.471
2025-10-09 18:00,13.210
2025-10-09 19:00,12.855
2025-10-09 20:00,12.595
2025-10-09 21:00,12.551
2025-10-09 22:00,12.626
2025-10-09 23:00,12.713
2025-10-10 00:00,12.547
2025-10-10 01:00,12.006
2025-10-10 02:00,11.494
2025-10-10 03:00,11.137
2025-10-10 04:00,11.147
2025-10-10 05:00,11.235
2025-10-10 06:00,11.622
2025-10-10 07:00,12.670
2025-10-10 08:00,14.007
2025-10-10 09:00,15.397
2025-10-10 10:00,16.207
2025-10-10 11:00,16.415
2025-10-10 12:00,16.362
2025-10-10 13:00,16.193
2025-10-10 14:00,15.927
2025-10-10 15:00,15.420
2025-10-10 16:00,14.384
2025-10-10 17:00,13.608
2025-10-10 18:00,13.275
2025-10-10 19:00,13.095
2025-10-10 20:00,12.879
2025-10-10 21:00,12.904
2025-10-10 22:00,12.850
2025-10-10 23:00,12.931
2025-10-11 00:00,12.975
2025-10-11 01:00,12.969
2025-10-11 02:00,12.803
2025-10-11 03:00,12.486
2025-10-11 04:00,12.199
2025-10-11 05:00,11.901
2025-10-11 06:00,12.039
2025-10-11 07:00,13.227
2025-10-11 08:00,14.675
2025-10-11 09:00,15.773
2025-10-11 10:00,16.533
2025-10-11 11:00,17.021
2025-10-11 12:00,17.178
2025-10-11 13:00,16.997
2025-10-11 14:00,16.482
2025-10-11 15:00,15.537
2025-10-11 16:00,14.225
2025-10-11 17:00,13.394
2025-10-11 18:00,12.703
2025-10-11 19:00,12.399
2025-10-11 20:00,12.286
2025-10-11 21:00,11.931
2025-10-11 22:00,11.230
2025-10-11 23:00,10.827
2025-10-12 00:00,10.671
2025-10-12 01:00,10.516
2025-10-12 02:00,10.728
2025-10-12 03:00,11.292
2025-10-12 04:00,11.763
2025-10-12 05:00,11.976
2025-10-12 06:00,12.255
2025-10-12 07:00,12.952
2025-10-12 08:00,13.899
2025-10-12 09:00,14.895
2025-10-12 10:00,15.872
2025-10-12 11:00,16.745
2025-10-12 12:00,17.369
2025-10-12 13:00,17.562
2025-10-12 14:00,17.191
2025-10-12 15:00,16.354
2025-10-12 16:00,14.642
2025-10-12 17:00,13.645
2025-10-12 18:00,13.133
2025-10-12 19:00,12.695
2025-10-12 20:00,12.214
2025-10-12 21:00,11.731
2025-10-12 22:00,11.312
2025-10-12 23:00,10.941
2025-10-13 00:00,10.498
2025-10-13 01:00,9.867
2025-10-13 02:00,9.178
2025-10-13 03:00,8.728
2025-10-13 04:00,8.555
2025-10-13 05:00,8.569
2025-10-13 06:00,8.971
2025-10-13 07:00,10.963
2025-10-13 08:00,12.739
2025-10-13 09:00,14.315
2025-10-13 10:00,15.623
2025-10-13 11:00,16.434
2025-10-13 12:00,16.736
2025-10-13 13:00,16.680
2025-10-13 14:00,16.224
2025-10-13 15:00,14.891
2025-10-13 16:00,12.064
2025-10-13 17:00,10.830
2025-10-13 18:00,10.199
2025-10-13 19:00,9.945
2025-10-13 20:00,9.877
2025-10-13 21:00,9.934
2025-10-13 22:00,10.030
2025-10-13 23:00,10.352
2025-10-14 00:00,10.585
2025-10-14 01:00,10.666
2025-10-14 02:00,10.729
2025-10-14 03:00,10.756
2025-10-14 04:00,10.430
2025-10-14 05:00,10.198
2025-10-14 06:00,10.465
2025-10-14 07:00,11.782
2025-10-14 08:00,12.929
2025-10-14 09:00,13.780
2025-10-14 10:00,14.445
2025-10-14 11:00,15.027
2025-10-14 12:00,15.334
2025-10-14 13:00,15.249
2025-10-14 14:00,14.944
2025-10-14 15:00,14.330
2025-10-14 16:00,13.018
2025-10-14 17:00,12.177
2025-10-14 18:00,11.688
2025-10-14 19:00,11.462
2025-10-14 20:00,11.384
2025-10-14 21:00,11.406
2025-10-14 22:00,11.461
2025-10-14 23:00,11.452
2025-10-15 00:00,11.176
2025-10-15 01:00,10.725
2025-10-15 02:00,10.094
2025-10-15 03:00,9.393
2025-10-15 04:00,8.836
2025-10-15 05:00,8.688
2025-10-15 06:00,9.454
2025-10-15 07:00,11.399
2025-10-15 08:00,12.586
2025-10-15 09:00,13.638
2025-10-15 10:00,14.473
2025-10-15 11:00,14.800
2025-10-15 12:00,14.811
2025-10-15 13:00,14.618
2025-10-15 14:00,14.206
2025-10-15 15:00,13.446
2025-10-15 16:00,12.139
2025-10-15 17:00,11.456
2025-10-15 18:00,11.230
2025-10-15 19:00,10.949
2025-10-15 20:00,10.585
2025-10-15 21:00,10.105
2025-10-15 22:00,9.835
2025-10-15 23:00,10.185
2025-10-16 00:00,10.516
2025-10-16 01:00,10.577
2025-10-16 02:00,10.495
2025-10-16 03:00,10.064
2025-10-16 04:00,9.839
2025-10-16 05:00,9.877
2025-10-16 06:00,10.243
2025-10-16 07:00,11.806
2025-10-16 08:00,12.915
2025-10-16 09:00,14.045
2025-10-16 10:00,15.156
2025-10-16 11:00,16.101
2025-10-16 12:00,16.429
2025-10-16 13:00,16.227
2025-10-16 14:00,15.575
2025-10-16 15:00,14.413
2025-10-16 16:00,12.771
2025-10-16 17:00,11.542
2025-10-16 18:00,10.797
2025-10-16 19:00,10.399
2025-10-16 20:00,10.325
2025-10-16 21:00,10.425
2025-10-16 22:00,10.187
2025-10-16 23:00,10.091
2025-10-17 00:00,10.295
2025-10-17 01:00,10.356
2025-10-17 02:00,10.196
2025-10-17 03:00,9.755
2025-10-17 04:00,9.111
2025-10-17 05:00,8.613
2025-10-17 06:00,8.528
2025-10-17 07:00,9.619
2025-10-17 08:00,10.855
2025-10-17 09:00,11.825
2025-10-17 10:00,12.359
2025-10-17 11:00,12.800
2025-10-17 12:00,13.034
2025-10-17 13:00,12.886
2025-10-17 14:00,12.218
2025-10-17 15:00,11.289
2025-10-17 16:00,9.966
2025-10-17 17:00,8.917
2025-10-17 18:00,8.086
2025-10-17 19:00,7.366
2025-10-17 20:00,6.324
2025-10-17 21:00,5.496
2025-10-17 22:00,4.908
2025-10-17 23:00,4.393
2025-10-18 00:00,3.930
2025-10-18 01:00,3.521
2025-10-18 02:00,3.144
2025-10-18 03:00,2.796
2025-10-18 04:00,2.482
2025-10-18 05:00,2.301
2025-10-18 06:00,2.831
2025-10-18 07:00,5.968
2025-10-18 08:00,8.471
2025-10-18 09:00,9.840
2025-10-18 10:00,10.639
2025-10-18 11:00,11.202
2025-10-18 12:00,11.514
2025-10-18 13:00,11.515
2025-10-18 14:00,11.158
2025-10-18 15:00,9.881
2025-10-18 16:00,7.147
2025-10-18 17:00,5.577
2025-10-18 18:00,4.917
2025-10-18 19:00,4.419
2025-10-18 20:00,4.071
2025-10-18 21:00,3.729
2025-10-18 22:00,3.416
2025-10-18 23:00,3.332
2025-10-19 00:00,3.242
2025-10-19 01:00,2.990
2025-10-19 02:00,2.732
2025-10-19 03:00,2.595
2025-10-19 04:00,2.540
2025-10-19 05:00,2.468
2025-10-19 06:00,2.468
2025-10-19 07:00,3.241
2025-10-19 08:00,5.001
2025-10-19 09:00,7.727
2025-10-19 10:00,9.589
2025-10-19 11:00,10.546
2025-10-19 12:00,11.128
2025-10-19 13:00,11.253
2025-10-19 14:00,10.813
2025-10-19 15:00,9.324
2025-10-19 16:00,6.893
2025-10-19 17:00,6.103
2025-10-19 18:00,5.293
2025-10-19 19:00,4.578
2025-10-19 20:00,4.012
2025-10-19 21:00,3.570
2025-10-19 22:00,3.208
2025-10-19 23:00,2.876
2025-10-20 00:00,2.587
2025-10-20 01:00,2.348
2025-10-20 02:00,2.190
2025-10-20 03:00,2.086
2025-10-20 04:00,2.204
2025-10-20 05:00,2.732
2025-10-20 06:00,3.492
2025-10-20 07:00,5.137
2025-10-20 08:00,6.690
2025-10-20 09:00,8.671
2025-10-20 10:00,10.572
2025-10-20 11:00,11.970
2025-10-20 12:00,12.734
2025-10-20 13:00,12.769
2025-10-20 14:00,12.257
2025-10-20 15:00,11.637
2025-10-20 16:00,11.102
2025-10-20 17:00,10.779
2025-10-20 18:00,10.694
2025-10-20 19:00,10.621
2025-10-20 20:00,10.556
2025-10-20 21:00,10.547
2025-10-20 22:00,10.576
2025-10-20 23:00,10.535
2025-10-21 00:00,10.533
2025-10-21 01:00,10.165
2025-10-21 02:00,9.828
2025-10-21 03:00,9.678
2025-10-21 04:00,9.655
2025-10-21 05:00,9.586
2025-10-21 06:00,9.706
2025-10-21 07:00,10.180
2025-10-21 08:00,11.123
2025-10-21 09:00,12.630
2025-10-21 10:00,13.847
2025-10-21 11:00,14.239
2025-10-21 12:00,14.406
2025-10-21 13:00,14.340
2025-10-21 14:00,14.012
2025-10-21 15:00,13.557
2025-10-21 16:00,12.795
2025-10-21 17:00,12.232
2025-10-21 18:00,11.848
2025-10-21 19:00,11.642
2025-10-21 20:00,11.434
2025-10-21 21:00,11.110
2025-10-21 22:00,10.779
2025-10-21 23:00,10.434
2025-10-22 00:00,10.033
2025-10-22 01:00,9.557
2025-10-22 02:00,9.413
2025-10-22 03:00,9.464
2025-10-22 04:00,9.719
2025-10-22 05:00,10.222
2025-10-22 06:00,10.401
2025-10-22 07:00,11.126
2025-10-22 08:00,12.169
2025-10-22 09:00,13.064
2025-10-22 10:00,13.862
2025-10-22 11:00,14.618
2025-10-22 12:00,14.772
2025-10-22 13:00,14.519
2025-10-22 14:00,14.020
2025-10-22 15:00,12.765
2025-10-22 16:00,10.464
2025-10-22 17:00,9.503
2025-10-22 18:00,8.811
2025-10-22 19:00,8.128
2025-10-22 20:00,7.643
2025-10-22 21:00,7.295
2025-10-22 22:00,7.002
2025-10-22 23:00,6.901
2025-10-23 00:00,7.161
2025-10-23 01:00,7.919
2025-10-23 02:00,8.492
2025-10-23 03:00,8.540
2025-10-23 04:00,8.635
2025-10-23 05:00,9.014
2025-10-23 06:00,9.788
2025-10-23 07:00,10.485
2025-10-23 08:00,10.853
2025-10-23 09:00,11.508
2025-10-23 10:00,12.411
2025-10-23 11:00,13.188
2025-10-23 12:00,13.757
2025-10-23 13:00,14.043
2025-10-23 14:00,13.589
2025-10-23 15:00,12.558
2025-10-23 16:00,11.667
2025-10-23 17:00,10.826
2025-10-23 18:00,9.928
2025-10-23 19:00,9.258
2025-10-23 20:00,9.307
2025-10-23 21:00,9.633
2025-10-23 22:00,9.781
2025-10-23 23:00,9.823
2025-10-24 00:00,9.847
2025-10-24 01:00,10.016
2025-10-24 02:00,9.977
2025-10-24 03:00,9.693
2025-10-24 04:00,9.368
2025-10-24 05:00,9.298
2025-10-24 06:00,9.433
2025-10-24 07:00,9.694
2025-10-24 08:00,9.999
2025-10-24 09:00,10.144
2025-10-24 10:00,10.216
2025-10-24 11:00,10.232
2025-10-24 12:00,10.201
2025-10-24 13:00,10.188
2025-10-24 14:00,10.245
2025-10-24 15:00,10.117
2025-10-24 16:00,9.651
2025-10-24 17:00,9.156
2025-10-24 18:00,8.607
2025-10-24 19:00,8.041
2025-10-24 20:00,7.627
2025-10-24 21:00,7.328
2025-10-24 22:00,7.320
2025-10-24 23:00,7.647
2025-10-25 00:00,7.988
2025-10-25 01:00,8.164
2025-10-25 02:00,8.139
2025-10-25 03:00,8.096
2025-10-25 04:00,8.229
2025-10-25 05:00,8.408
2025-10-25 06:00,8.392
2025-10-25 07:00,8.468
2025-10-25 08:00,8.695
2025-10-25 09:00,9.011
2025-10-25 10:00,9.320
2025-10-25 11:00,9.641
2025-10-25 12:00,10.227
2025-10-25 13:00,10.813
2025-10-25 14:00,11.047
2025-10-25 15:00,10.452
2025-10-25 16:00,9.819
2025-10-25 17:00,9.560
2025-10-25 18:00,9.236
2025-10-25 19:00,8.777
2025-10-25 20:00,8.247
2025-10-25 21:00,7.745
2025-10-25 22:00,7.293
2025-10-25 23:00,6.818
2025-10-26 00:00,6.381
2025-10-26 01:00,6.047
2025-10-26 02:00,5.833
2025-10-26 03:00,5.693
2025-10-26 04:00,5.627
2025-10-26 05:00,5.636
2025-10-26 06:00,5.561
2025-10-26 07:00,5.680
2025-10-26 08:00,6.513
2025-10-26 09:00,8.430
2025-10-26 10:00,10.472
2025-10-26 11:00,11.360
2025-10-26 12:00,11.418
2025-10-26 13:00,11.183
2025-10-26 14:00,10.709
2025-10-26 15:00,10.044
2025-10-26 16:00,9.362
2025-10-26 17:00,8.887
2025-10-26 18:00,8.534
2025-10-26 19:00,8.119
2025-10-26 20:00,7.745
2025-10-26 21:00,7.520
2025-10-26 22:00,7.307
2025-10-26 23:00,6.892
2025-10-27 00:00,6.312
2025-10-27 01:00,5.873
2025-10-27 02:00,5.660
2025-10-27 03:00,5.374
2025-10-27 04:00,5.616
2025-10-27 05:00,6.842
2025-10-27 06:00,7.885
2025-10-27 07:00,8.359
2025-10-27 08:00,8.433
2025-10-27 09:00,8.377
2025-10-27 10:00,8.741
2025-10-27 11:00,9.372
2025-10-27 12:00,9.987
2025-10-27 13:00,10.417
2025-10-27 14:00,10.166
2025-10-27 15:00,9.103
2025-10-27 16:00,7.974
2025-10-27 17:00,8.054
2025-10-27 18:00,8.437
2025-10-27 19:00,8.621
2025-10-27 20:00,8.597
2025-10-27 21:00,8.528
2025-10-27 22:00,8.471
2025-10-27 23:00,8.401
2025-10-28 00:00,8.227
2025-10-28 01:00,7.967
2025-10-28 02:00,7.687
2025-10-28 03:00,7.243
2025-10-28 04:00,6.733
2025-10-28 05:00,6.133
2025-10-28 06:00,5.880
2025-10-28 07:00,6.206
2025-10-28 08:00,6.775
2025-10-28 09:00,7.529
2025-10-28 10:00,8.530
2025-10-28 11:00,10.607
2025-10-28 12:00,12.225
2025-10-28 13:00,12.274
2025-10-28 14:00,11.639
2025-10-28 15:00,10.865
2025-10-28 16:00,10.221
2025-10-28 17:00,9.971
2025-10-28 18:00,9.756
2025-10-28 19:00,9.393
2025-10-28 20:00,8.855
2025-10-28 21:00,8.479
2025-10-28 22:00,8.345
2025-10-28 23:00,7.914
2025-10-29 00:00,7.675
2025-10-29 01:00,7.649
2025-10-29 02:00,7.591
2025-10-29 03:00,7.431
2025-10-29 04:00,7.171
2025-10-29 05:00,7.078
2025-10-29 06:00,7.049
2025-10-29 07:00,7.489
2025-10-29 08:00,8.484
2025-10-29 09:00,10.008
2025-10-29 10:00,12.027
2025-10-29 11:00,13.340
2025-10-29 12:00,13.660
2025-10-29 13:00,13.329
2025-10-29 14:00,12.688
2025-10-29 15:00,11.742
2025-10-29 16:00,10.821
2025-10-29 17:00,10.473
2025-10-29 18:00,10.310
2025-10-29 19:00,10.106
2025-10-29 20:00,9.884
2025-10-29 21:00,9.670
2025-10-29 22:00,9.683
2025-10-29 23:00,9.746
2025-10-30 00:00,9.589
2025-10-30 01:00,9.435
2025-10-30 02:00,9.424
2025-10-30 03:00,9.567
2025-10-30 04:00,9.696
2025-10-30 05:00,9.683
2025-10-30 06:00,9.474
2025-10-30 07:00,9.428
2025-10-30 08:00,9.750
2025-10-30 09:00,10.561
2025-10-30 10:00,11.337
2025-10-30 11:00,11.746
2025-10-30 12:00,11.987
2025-10-30 13:00,11.875
2025-10-30 14:00,11.492
2025-10-30 15:00,10.774
2025-10-30 16:00,9.946
2025-10-30 17:00,9.490
2025-10-30 18:00,9.058
2025-10-30 19:00,8.587
2025-10-30 20:00,8.055
2025-10-30 21:00,7.502
2025-10-30 22:00,6.874
2025-10-30 23:00,6.596
2025-10-31 00:00,6.300
2025-10-31 01:00,6.178
2025-10-31 02:00,5.757
2025-10-31 03:00,5.421
2025-10-31 04:00,5.410
2025-10-31 05:00,5.175
2025-10-31 06:00,4.848
2025-10-31 07:00,5.607
2025-10-31 08:00,6.433
2025-10-31 09:00,7.366
2025-10-31 10:00,8.653
2025-10-31 11:00,9.949
2025-10-31 12:00,10.637
2025-10-31 13:00,10.599
2025-10-31 14:00,9.996
2025-10-31 15:00,9.153
2025-10-31 16:00,8.546
2025-10-31 17:00,8.287
2025-10-31 18:00,8.030
2025-10-31 19:00,7.789
2025-10-31 20:00,7.584
2025-10-31 21:00,7.473
2025-10-31 22:00,7.324
2025-10-31 23:00,6.543
2025-11-01 00:00,6.014
2025-11-01 01:00,5.944
2025-11-01 02:00,6.446
2025-11-01 03:00,6.755
2025-11-01 04:00,6.870
2025-11-01 05:00,6.955
2025-11-01 06:00,7.177
2025-11-01 07:00,8.049
2025-11-01 08:00,9.433
2025-11-01 09:00,10.183
2025-11-01 10:00,10.795
2025-11-01 11:00,11.599
2025-11-01 12:00,12.143
2025-11-01 13:00,12.629
2025-11-01 14:00,12.841
2025-11-01 15:00,12.830
2025-11-01 16:00,12.768
2025-11-01 17:00,12.631
2025-11-01 18:00,11.813
2025-11-01 19:00,10.640
2025-11-01 20:00,9.621
2025-11-01 21:00,9.117
2025-11-01 22:00,8.787
2025-11-01 23:00,8.576
2025-11-02 00:00,8.310
2025-11-02 01:00,8.073
2025-11-02 02:00,7.972
2025-11-02 03:00,7.918
2025-11-02 04:00,7.882
2025-11-02 05:00,7.790
2025-11-02 06:00,7.755
2025-11-02 07:00,8.069
2025-11-02 08:00,8.759
2025-11-02 09:00,9.727
2025-11-02 10:00,10.854
2025-11-02 11:00,11.906
2025-11-02 12:00,12.513
2025-11-02 13:00,12.543
2025-11-02 14:00,11.915
2025-11-02 15:00,9.969
2025-11-02 16:00,8.853
2025-11-02 17:00,8.254
2025-11-02 18:00,7.496
2025-11-02 19:00,6.698
2025-11-02 20:00,6.169
2025-11-02 21:00,6.008
2025-11-02 22:00,6.002
2025-11-02 23:00,6.295
2025-11-03 00:00,6.584
2025-11-03 01:00,6.832
2025-11-03 02:00,6.977
2025-11-03 03:00,7.177
2025-11-03 04:00,7.437
2025-11-03 05:00,6.943
2025-11-03 06:00,6.417
2025-11-03 07:00,6.368
2025-11-03 08:00,6.816
2025-11-03 09:00,8.111
2025-11-03 10:00,9.701
2025-11-03 11:00,10.607
2025-11-03 12:00,10.340
2025-11-03 13:00,9.623
2025-11-03 14:00,9.242
2025-11-03 15:00,9.084
2025-11-03 16:00,9.155
2025-11-03 17:00,9.651
2025-11-03 18:00,9.898
2025-11-03 19:00,9.835
2025-11-03 20:00,9.663
2025-11-03 21:00,9.558
2025-11-03 22:00,9.438
2025-11-03 23:00,9.238
2025-11-04 00:00,9.052
2025-11-04 01:00,8.979
2025-11-04 02:00,9.336
2025-11-04 03:00,9.792
2025-11-04 04:00,10.116
2025-11-04 05:00,10.377
2025-11-04 06:00,10.550
2025-11-04 07:00,10.847
2025-11-04 08:00,11.731
2025-11-04 09:00,12.861
2025-11-04 10:00,14.089
2025-11-04 11:00,15.024
2025-11-04 12:00,15.367
2025-11-04 13:00,15.046
2025-11-04 14:00,14.274
2025-11-04 15:00,12.933
2025-11-04 16:00,11.813
2025-11-04 17:00,11.560
2025-11-04 18:00,11.224
2025-11-04 19:00,10.897
2025-11-04 20:00,10.540
2025-11-04 21:00,10.238
2025-11-04 22:00,10.009
2025-11-04 23:00,9.739
2025-11-05 00:00,9.560
2025-11-05 01:00,9.460
2025-11-05 02:00,9.296
2025-11-05 03:00,8.826
2025-11-05 04:00,8.510
2025-11-05 05:00,8.481
2025-11-05 06:00,8.626
2025-11-05 07:00,9.291
2025-11-05 08:00,10.437
2025-11-05 09:00,12.176
2025-11-05 10:00,13.871
2025-11-05 11:00,15.340
2025-11-05 12:00,16.026
2025-11-05 13:00,16.054
2025-11-05 14:00,15.090
2025-11-05 15:00,12.818
2025-11-05 16:00,11.563
2025-11-05 17:00,11.242
2025-11-05 18:00,10.970
2025-11-05 19:00,10.584
2025-11-05 20:00,9.776
2025-11-05 21:00,8.786
2025-11-05 22:00,8.026
2025-11-05 23:00,7.442
2025-11-06 00:00,6.953
2025-11-06 01:00,6.570
2025-11-06 02:00,6.229
2025-11-06 03:00,5.892
2025-11-06 04:00,5.488
2025-11-06 05:00,5.052
2025-11-06 06:00,4.719
2025-11-06 07:00,5.847
2025-11-06 08:00,7.660
2025-11-06 09:00,9.282
2025-11-06 10:00,11.186
2025-11-06 11:00,12.842
2025-11-06 12:00,13.491
2025-11-06 13:00,13.330
2025-11-06 14:00,12.101
2025-11-06 15:00,9.137
2025-11-06 16:00,7.634
2025-11-06 17:00,7.110
2025-11-06 18:00,6.176
2025-11-06 19:00,5.311
2025-11-06 20:00,4.583
2025-11-06 21:00,4.365
2025-11-06 22:00,4.162
2025-11-06 23:00,4.109
2025-11-07 00:00,4.182
2025-11-07 01:00,4.338
2025-11-07 02:00,4.393
2025-11-07 03:00,4.301
2025-11-07 04:00,4.067
2025-11-07 05:00,3.746
2025-11-07 06:00,3.517
2025-11-07 07:00,3.607
2025-11-07 08:00,4.251
2025-11-07 09:00,5.147
2025-11-07 10:00,6.221
2025-11-07 11:00,7.104
2025-11-07 12:00,7.878
2025-11-07 13:00,8.400
2025-11-07 14:00,8.585
2025-11-07 15:00,8.197
2025-11-07 16:00,7.928
2025-11-07 17:00,7.989
2025-11-07 18:00,8.035
2025-11-07 19:00,8.022
2025-11-07 20:00,7.947
2025-11-07 21:00,7.868
2025-11-07 22:00,7.814
2025-11-07 23:00,7.804
2025-11-08 00:00,7.864
2025-11-08 01:00,7.800
2025-11-08 02:00,7.620
2025-11-08 03:00,7.291
2025-11-08 04:00,7.188
2025-11-08 05:00,7.094
2025-11-08 06:00,6.968
2025-11-08 07:00,7.112
2025-11-08 08:00,7.423
2025-11-08 09:00,7.559
2025-11-08 10:00,7.695
2025-11-08 11:00,7.905
2025-11-08 12:00,8.029
2025-11-08 13:00,8.014
2025-11-08 14:00,7.783
2025-11-08 15:00,7.156
2025-11-08 16:00,6.686
2025-11-08 17:00,6.502
2025-11-08 18:00,6.342
2025-11-08 19:00,6.215
2025-11-08 20:00,6.101
2025-11-08 21:00,6.001
2025-11-08 22:00,5.923
2025-11-08 23:00,5.817
2025-11-09 00:00,5.663
2025-11-09 01:00,5.709
2025-11-09 02:00,5.645
2025-11-09 03:00,5.594
2025-11-09 04:00,5.622
2025-11-09 05:00,5.668
2025-11-09 06:00,5.725
2025-11-09 07:00,6.028
2025-11-09 08:00,6.887
2025-11-09 09:00,7.760
2025-11-09 10:00,8.471
2025-11-09 11:00,8.895
2025-11-09 12:00,9.091
2025-11-09 13:00,9.088
2025-11-09 14:00,8.767
2025-11-09 15:00,8.230
2025-11-09 16:00,7.847
2025-11-09 17:00,7.602
2025-11-09 18:00,7.544
2025-11-09 19:00,7.630
2025-11-09 20:00,7.736
2025-11-09 21:00,7.885
2025-11-09 22:00,7.961
2025-11-09 23:00,7.943
2025-11-10 00:00,7.993
2025-11-10 01:00,8.020
2025-11-10 02:00,8.028
2025-11-10 03:00,8.031
2025-11-10 04:00,7.872
2025-11-10 05:00,7.424
2025-11-10 06:00,6.983
2025-11-10 07:00,6.752
2025-11-10 08:00,6.784
2025-11-10 09:00,7.101
2025-11-10 10:00,7.646
2025-11-10 11:00,8.261
2025-11-10 12:00,8.521
2025-11-10 13:00,8.607
2025-11-10 14:00,8.334
2025-11-10 15:00,6.879
2025-11-10 16:00,6.268
2025-11-10 17:00,6.266
2025-11-10 18:00,6.191
2025-11-10 19:00,6.075
2025-11-10 20:00,5.884
2025-11-10 21:00,5.675
2025-11-10 22:00,5.568
2025-11-10 23:00,5.605
2025-11-11 00:00,5.657
2025-11-11 01:00,5.712
2025-11-11 02:00,5.766
2025-11-11 03:00,5.862
2025-11-11 04:00,6.006
2025-11-11 05:00,6.189
2025-11-11 06:00,6.625
2025-11-11 07:00,7.278
2025-11-11 08:00,8.157
2025-11-11 09:00,9.378
2025-11-11 10:00,10.743
2025-11-11 11:00,11.521
2025-11-11 12:00,11.876
2025-11-11 13:00,11.836
2025-11-11 14:00,11.216
2025-11-11 15:00,9.858
2025-11-11 16:00,9.452
2025-11-11 17:00,9.229
2025-11-11 18:00,8.597
2025-11-11 19:00,7.699
2025-11-11 20:00,7.167
2025-11-11 21:00,7.085
2025-11-11 22:00,7.111
2025-11-11 23:00,7.020
2025-11-12 00:00,6.847
2025-11-12 01:00,6.775
2025-11-12 02:00,6.666
2025-11-12 03:00,6.582
2025-11-12 04:00,6.657
2025-11-12 05:00,6.619
2025-11-12 06:00,6.466
2025-11-12 07:00,6.520
2025-11-12 08:00,7.819
2025-11-12 09:00,9.084
2025-11-12 10:00,10.736
2025-11-12 11:00,12.349
2025-11-12 12:00,13.205
2025-11-12 13:00,13.123
2025-11-12 14:00,12.168
2025-11-12 15:00,10.828
2025-11-12 16:00,10.322
2025-11-12 17:00,9.910
2025-11-12 18:00,9.448
2025-11-12 19:00,8.888
2025-11-12 20:00,8.397
2025-11-12 21:00,8.103
2025-11-12 22:00,7.711
2025-11-12 23:00,7.602
2025-11-13 00:00,7.867
2025-11-13 01:00,7.303
2025-11-13 02:00,7.277
2025-11-13 03:00,7.524
2025-11-13 04:00,7.701
2025-11-13 05:00,7.891
2025-11-13 06:00,8.171
2025-11-13 07:00,8.747
2025-11-13 08:00,10.070
2025-11-13 09:00,11.719
2025-11-13 10:00,13.479
2025-11-13 11:00,14.860
2025-11-13 12:00,15.277
2025-11-13 13:00,15.070
2025-11-13 14:00,14.533
2025-11-13 15:00,13.633
2025-11-13 16:00,12.973
2025-11-13 17:00,12.508
2025-11-13 18:00,11.811
2025-11-13 19:00,11.535
2025-11-13 20:00,11.123
2025-11-13 21:00,10.593
2025-11-13 22:00,10.172
2025-11-13 23:00,9.633
2025-11-14 00:00,9.169
2025-11-14 01:00,8.841
2025-11-14 02:00,8.534
2025-11-14 03:00,8.009
2025-11-14 04:00,7.766
2025-11-14 05:00,7.700
2025-11-14 06:00,8.018
2025-11-14 07:00,8.101
2025-11-14 08:00,8.235
2025-11-14 09:00,8.170
2025-11-14 10:00,7.874
2025-11-14 11:00,7.474
2025-11-14 12:00,7.118
2025-11-14 13:00,6.741
2025-11-14 14:00,6.326
2025-11-14 15:00,5.927
2025-11-14 16:00,5.649
2025-11-14 17:00,5.474
2025-11-14 18:00,5.368
2025-11-14 19:00,5.227
2025-11-14 20:00,5.123
2025-11-14 21:00,5.126
2025-11-14 22:00,5.111
2025-11-14 23:00,5.085
2025-11-15 00:00,5.106
2025-11-15 01:00,5.110
2025-11-15 02:00,5.105
2025-11-15 03:00,5.076
2025-11-15 04:00,5.079
2025-11-15 05:00,5.073
2025-11-15 06:00,4.991
2025-11-15 07:00,4.921
2025-11-15 08:00,5.227
2025-11-15 09:00,5.757
2025-11-15 10:00,6.353
2025-11-15 11:00,6.738
2025-11-15 12:00,6.809
2025-11-15 13:00,6.511
2025-11-15 14:00,5.982
2025-11-15 15:00,5.453
2025-11-15 16:00,5.126
2025-11-15 17:00,4.928
2025-11-15 18:00,4.798
2025-11-15 19:00,4.622
2025-11-15 20:00,4.372
2025-11-15 21:00,4.123
2025-11-15 22:00,3.926
2025-11-15 23:00,3.794
2025-11-16 00:00,3.693
2025-11-16 01:00,3.649
2025-11-16 02:00,3.655
2025-11-16 03:00,3.701
2025-11-16 04:00,3.735
2025-11-16 05:00,3.735
2025-11-16 06:00,3.742
2025-11-16 07:00,3.855
2025-11-16 08:00,4.321
2025-11-16 09:00,5.035
2025-11-16 10:00,5.873
2025-11-16 11:00,6.580
2025-11-16 12:00,6.999
2025-11-16 13:00,6.887
2025-11-16 14:00,5.753
2025-11-16 15:00,3.607
2025-11-16 16:00,2.945
2025-11-16 17:00,2.706
2025-11-16 18:00,2.681
2025-11-16 19:00,2.817
2025-11-16 20:00,2.834
2025-11-16 21:00,3.306
2025-11-16 22:00,3.804
2025-11-16 23:00,4.206
2025-11-17 00:00,4.436
2025-11-17 01:00,4.283
2025-11-17 02:00,4.048
2025-11-17 03:00,3.719
2025-11-17 04:00,3.273
2025-11-17 05:00,2.859
2025-11-17 06:00,2.752
2025-11-17 07:00,3.007
2025-11-17 08:00,3.432
2025-11-17 09:00,3.950
2025-11-17 10:00,4.676
2025-11-17 11:00,5.394
2025-11-17 12:00,5.831
2025-11-17 13:00,5.786
2025-11-17 14:00,5.014
2025-11-17 15:00,2.642
2025-11-17 16:00,1.012
2025-11-17 17:00,0.340
2025-11-17 18:00,0.198
2025-11-17 19:00,0.473
2025-11-17 20:00,1.428
2025-11-17 21:00,2.143
2025-11-17 22:00,2.882
2025-11-17 23:00,3.690
2025-11-18 00:00,4.157
2025-11-18 01:00,4.218
2025-11-18 02:00,4.124
2025-11-18 03:00,3.872
2025-11-18 04:00,3.541
2025-11-18 05:00,3.399
2025-11-18 06:00,3.384
2025-11-18 07:00,3.601
2025-11-18 08:00,3.857
2025-11-18 09:00,4.131
2025-11-18 10:00,4.459
2025-11-18 11:00,4.789
2025-11-18 12:00,5.007
2025-11-18 13:00,5.029
2025-11-18 14:00,4.803
2025-11-18 15:00,4.370
2025-11-18 16:00,3.997
2025-11-18 17:00,3.686
2025-11-18 18:00,3.438
2025-11-18 19:00,3.253
2025-11-18 20:00,3.145
2025-11-18 21:00,3.011
2025-11-18 22:00,2.869
2025-11-18 23:00,2.829
2025-11-19 00:00,2.906
2025-11-19 01:00,2.978
2025-11-19 02:00,2.943
2025-11-19 03:00,2.911
2025-11-19 04:00,2.902
2025-11-19 05:00,2.769
2025-11-19 06:00,2.333
2025-11-19 07:00,1.797
2025-11-19 08:00,1.709
2025-11-19 09:00,2.149
2025-11-19 10:00,2.639
2025-11-19 11:00,3.296
2025-11-19 12:00,3.919
2025-11-19 13:00,4.054
2025-11-19 14:00,3.779
2025-11-19 15:00,3.334
2025-11-19 16:00,3.047
2025-11-19 17:00,2.814
2025-11-19 18:00,2.590
2025-11-19 19:00,2.342
2025-11-19 20:00,2.097
2025-11-19 21:00,1.835
2025-11-19 22:00,1.676
2025-11-19 23:00,1.583
2025-11-20 00:00,1.494
2025-11-20 01:00,1.388
2025-11-20 02:00,1.300
2025-11-20 03:00,1.268
2025-11-20 04:00,1.220
2025-11-20 05:00,1.121
2025-11-20 06:00,0.858
2025-11-20 07:00,0.520
2025-11-20 08:00,0.739
2025-11-20 09:00,1.368
2025-11-20 10:00,2.111
2025-11-20 11:00,2.603
2025-11-20 12:00,2.751
2025-11-20 13:00,2.545
2025-11-20 14:00,1.814
2025-11-20 15:00,0.115
2025-11-20 16:00,-1.128
2025-11-20 17:00,-2.034
2025-11-20 18:00,-2.544
2025-11-20 19:00,-2.922
2025-11-20 20:00,-3.176
2025-11-20 21:00,-3.420
2025-11-20 22:00,-3.676
2025-11-20 23:00,-3.759
2025-11-21 00:00,-3.765
2025-11-21 01:00,-3.703
2025-11-21 02:00,-3.642
2025-11-21 03:00,-3.706
2025-11-21 04:00,-3.812
2025-11-21 05:00,-3.875
2025-11-21 06:00,-3.896
2025-11-21 07:00,-3.545
2025-11-21 08:00,-1.253
2025-11-21 09:00,0.284
2025-11-21 10:00,1.742
2025-11-21 11:00,2.708
2025-11-21 12:00,2.964
2025-11-21 13:00,2.487
2025-11-21 14:00,0.245
2025-11-21 15:00,-1.795
2025-11-21 16:00,-2.173
2025-11-21 17:00,-2.062
2025-11-21 18:00,-0.833
2025-11-21 19:00,-0.437
2025-11-21 20:00,-0.744
2025-11-21 21:00,-0.994
2025-11-21 22:00,-1.053
2025-11-21 23:00,-0.992
2025-11-22 00:00,-0.906
2025-11-22 01:00,-0.860
2025-11-22 02:00,-0.854
2025-11-22 03:00,-0.867
2025-11-22 04:00,-0.886
2025-11-22 05:00,-0.910
2025-11-22 06:00,-0.972
2025-11-22 07:00,-1.079
2025-11-22 08:00,-0.799
2025-11-22 09:00,0.031
2025-11-22 10:00,1.141
2025-11-22 11:00,2.190
2025-11-22 12:00,2.786
2025-11-22 13:00,2.736
2025-11-22 14:00,1.801
2025-11-22 15:00,0.364
2025-11-22 16:00,-0.049
2025-11-22 17:00,-0.493
2025-11-22 18:00,-0.842
2025-11-22 19:00,-1.108
2025-11-22 20:00,-1.498
2025-11-22 21:00,-1.978
2025-11-22 22:00,-2.415
2025-11-22 23:00,-2.719
2025-11-23 00:00,-2.849
2025-11-23 01:00,-2.919
2025-11-23 02:00,-3.132
2025-11-23 03:00,-3.525
2025-11-23 04:00,-3.799
2025-11-23 05:00,-3.918
2025-11-23 06:00,-4.008
2025-11-23 07:00,-4.001
2025-11-23 08:00,-3.114
2025-11-23 09:00,-1.600
2025-11-23 10:00,-0.057
2025-11-23 11:00,0.784
2025-11-23 12:00,1.107
2025-11-23 13:00,0.905
2025-11-23 14:00,0.088
2025-11-23 15:00,-1.105
2025-11-23 16:00,-1.633
2025-11-23 17:00,-1.934
2025-11-23 18:00,-1.808
2025-11-23 19:00,-1.686
2025-11-23 20:00,-1.623
2025-11-23 21:00,-1.665
2025-11-23 22:00,-1.688
2025-11-23 23:00,-1.629
2025-11-24 00:00,-1.438
2025-11-24 01:00,-0.832
2025-11-24 02:00,0.034
2025-11-24 03:00,0.750
2025-11-24 04:00,1.151
2025-11-24 05:00,1.395
2025-11-24 06:00,1.773
2025-11-24 07:00,1.931
2025-11-24 08:00,2.261
2025-11-24 09:00,2.772
2025-11-24 10:00,3.278
2025-11-24 11:00,3.590
2025-11-24 12:00,3.738
2025-11-24 13:00,3.596
2025-11-24 14:00,3.219
2025-11-24 15:00,2.814
2025-11-24 16:00,2.570
2025-11-24 17:00,2.309
2025-11-24 18:00,1.950
2025-11-24 19:00,1.502
2025-11-24 20:00,0.955
2025-11-24 21:00,0.430
2025-11-24 22:00,0.336
2025-11-24 23:00,0.389
2025-11-25 00:00,0.306
2025-11-25 01:00,0.292
2025-11-25 02:00,0.341
2025-11-25 03:00,0.243
2025-11-25 04:00,-0.001
2025-11-25 05:00,-0.187
2025-11-25 06:00,-0.247
2025-11-25 07:00,-0.196
2025-11-25 08:00,1.019
2025-11-25 09:00,1.853
2025-11-25 10:00,2.758
2025-11-25 11:00,3.508
2025-11-25 12:00,3.796
2025-11-25 13:00,3.678
2025-11-25 14:00,2.616
2025-11-25 15:00,1.310
2025-11-25 16:00,1.263
2025-11-25 17:00,1.206
2025-11-25 18:00,1.189
2025-11-25 19:00,1.256
2025-11-25 20:00,1.310
2025-11-25 21:00,1.294
2025-11-25 22:00,1.094
2025-11-25 23:00,0.788
2025-11-26 00:00,0.551
2025-11-26 01:00,0.655
2025-11-26 02:00,0.946
2025-11-26 03:00,0.990
2025-11-26 04:00,0.771
2025-11-26 05:00,0.518
2025-11-26 06:00,0.342
2025-11-26 07:00,0.391
2025-11-26 08:00,1.753
2025-11-26 09:00,3.152
2025-11-26 10:00,3.885
2025-11-26 11:00,4.336
2025-11-26 12:00,4.486
2025-11-26 13:00,4.312
2025-11-26 14:00,3.659
2025-11-26 15:00,2.992
2025-11-26 16:00,2.766
2025-11-26 17:00,2.671
2025-11-26 18:00,2.315
2025-11-26 19:00,1.989
2025-11-26 20:00,1.873
2025-11-26 21:00,1.983
2025-11-26 22:00,1.986
2025-11-26 23:00,1.900
2025-11-27 00:00,1.676
2025-11-27 01:00,1.371
2025-11-27 02:00,1.184
2025-11-27 03:00,1.188
2025-11-27 04:00,1.241
2025-11-27 05:00,1.146
2025-11-27 06:00,0.921
2025-11-27 07:00,0.744
2025-11-27 08:00,0.868
2025-11-27 09:00,1.250
2025-11-27 10:00,1.780
2025-11-27 11:00,2.288
2025-11-27 12:00,2.659
2025-11-27 13:00,2.932
2025-11-27 14:00,3.111
2025-11-27 15:00,3.273
2025-11-27 16:00,3.492
2025-11-27 17:00,3.556
2025-11-27 18:00,3.702
2025-11-27 19:00,3.882
2025-11-27 20:00,4.130
2025-11-27 21:00,4.417
2025-11-27 22:00,4.593
2025-11-27 23:00,4.788
2025-11-28 00:00,5.053
2025-11-28 01:00,5.290
2025-11-28 02:00,5.490
2025-11-28 03:00,5.594
2025-11-28 04:00,5.644
2025-11-28 05:00,5.606
2025-11-28 06:00,5.611
2025-11-28 07:00,5.761
2025-11-28 08:00,6.017
2025-11-28 09:00,6.376
2025-11-28 10:00,6.768
2025-11-28 11:00,7.137
2025-11-28 12:00,7.338
2025-11-28 13:00,7.354
2025-11-28 14:00,7.216
2025-11-28 15:00,7.070
2025-11-28 16:00,7.044
2025-11-28 17:00,7.025
2025-11-28 18:00,6.965
2025-11-28 19:00,7.023
2025-11-28 20:00,7.088
2025-11-28 21:00,7.085
2025-11-28 22:00,7.052
2025-11-28 23:00,6.938
2025-11-29 00:00,6.813
2025-11-29 01:00,6.972
2025-11-29 02:00,7.200
2025-11-29 03:00,7.170
2025-11-29 04:00,7.020
2025-11-29 05:00,6.772
2025-11-29 06:00,6.539
2025-11-29 07:00,6.379
2025-11-29 08:00,6.503
2025-11-29 09:00,6.990
2025-11-29 10:00,7.654
2025-11-29 11:00,8.186
2025-11-29 12:00,8.412
2025-11-29 13:00,8.158
2025-11-29 14:00,7.561
2025-11-29 15:00,6.489
2025-11-29 16:00,5.963
2025-11-29 17:00,5.729
2025-11-29 18:00,5.568
2025-11-29 19:00,5.441
2025-11-29 20:00,5.321
2025-11-29 21:00,5.194
2025-11-29 22:00,5.105
2025-11-29 23:00,5.321
2025-11-30 00:00,5.512
2025-11-30 01:00,5.513
2025-11-30 02:00,5.774
2025-11-30 03:00,6.345
2025-11-30 04:00,6.701
2025-11-30 05:00,7.127
2025-11-30 06:00,7.434
2025-11-30 07:00,7.400
2025-11-30 08:00,7.146
2025-11-30 09:00,7.195
2025-11-30 10:00,7.512
2025-11-30 11:00,7.793
2025-11-30 12:00,7.826
2025-11-30 13:00,7.394
2025-11-30 14:00,6.642
2025-11-30 15:00,5.859
2025-11-30 16:00,5.194
2025-11-30 17:00,4.500
2025-11-30 18:00,3.828
2025-11-30 19:00,3.452
2025-11-30 20:00,3.591
2025-11-30 21:00,3.666
2025-11-30 22:00,3.240
2025-11-30 23:00,3.048
2025-12-01 00:00,3.009
2025-12-01 01:00,3.125
2025-12-01 02:00,3.135
2025-12-01 03:00,3.233
2025-12-01 04:00,3.343
2025-12-01 05:00,3.464
2025-12-01 06:00,3.577
2025-12-01 07:00,3.544
2025-12-01 08:00,3.461
2025-12-01 09:00,3.419
2025-12-01 10:00,4.180
2025-12-01 11:00,5.360
2025-12-01 12:00,6.182
2025-12-01 13:00,6.259
2025-12-01 14:00,5.643
2025-12-01 15:00,4.829
2025-12-01 16:00,4.402
2025-12-01 17:00,4.049
2025-12-01 18:00,3.845
2025-12-01 19:00,3.642
2025-12-01 20:00,3.545
2025-12-01 21:00,3.433
2025-12-01 22:00,3.278
2025-12-01 23:00,3.041
2025-12-02 00:00,2.772
2025-12-02 01:00,2.455
2025-12-02 02:00,2.139
2025-12-02 03:00,1.983
2025-12-02 04:00,1.928
2025-12-02 05:00,1.877
2025-12-02 06:00,1.778
2025-12-02 07:00,1.594
2025-12-02 08:00,1.710
2025-12-02 09:00,2.267
2025-12-02 10:00,2.993
2025-12-02 11:00,3.620
2025-12-02 12:00,4.020
2025-12-02 13:00,4.191
2025-12-02 14:00,3.949
2025-12-02 15:00,3.648
2025-12-02 16:00,3.739
2025-12-02 17:00,3.957
2025-12-02 18:00,4.150
2025-12-02 19:00,4.259
2025-12-02 20:00,4.399
2025-12-02 21:00,4.517
2025-12-02 22:00,4.516
2025-12-02 23:00,4.491
2025-12-03 00:00,4.409
2025-12-03 01:00,4.356
2025-12-03 02:00,4.285
2025-12-03 03:00,4.181
2025-12-03 04:00,3.978
2025-12-03 05:00,3.759
2025-12-03 06:00,3.507
2025-12-03 07:00,3.455
2025-12-03 08:00,3.974
2025-12-03 09:00,4.564
2025-12-03 10:00,5.277
2025-12-03 11:00,5.936
2025-12-03 12:00,6.433
2025-12-03 13:00,6.368
2025-12-03 14:00,5.010
2025-12-03 15:00,4.083
2025-12-03 16:00,4.052
2025-12-03 17:00,4.016
2025-12-03 18:00,3.986
2025-12-03 19:00,3.996
2025-12-03 20:00,3.994
2025-12-03 21:00,4.009
2025-12-03 22:00,4.026
2025-12-03 23:00,4.012
2025-12-04 00:00,3.956
2025-12-04 01:00,3.883
2025-12-04 02:00,3.832
2025-12-04 03:00,3.816
2025-12-04 04:00,3.779
2025-12-04 05:00,3.688
2025-12-04 06:00,3.580
2025-12-04 07:00,3.442
2025-12-04 08:00,3.429
2025-12-04 09:00,3.544
2025-12-04 10:00,3.728
2025-12-04 11:00,3.944
2025-12-04 12:00,4.187
2025-12-04 13:00,4.280
2025-12-04 14:00,3.620
2025-12-04 15:00,2.631
2025-12-04 16:00,2.362
2025-12-04 17:00,1.891
2025-12-04 18:00,1.406
2025-12-04 19:00,0.985
2025-12-04 20:00,0.780
2025-12-04 21:00,0.734
2025-12-04 22:00,0.581
2025-12-04 23:00,0.372
2025-12-05 00:00,0.199
2025-12-05 01:00,0.056
2025-12-05 02:00,-0.019
2025-12-05 03:00,-0.037
2025-12-05 04:00,-0.004
2025-12-05 05:00,0.114
2025-12-05 06:00,0.297
2025-12-05 07:00,0.428
2025-12-05 08:00,0.843
2025-12-05 09:00,1.305
2025-12-05 10:00,1.656
2025-12-05 11:00,2.027
2025-12-05 12:00,2.445
2025-12-05 13:00,2.621
2025-12-05 14:00,2.054
2025-12-05 15:00,1.526
2025-12-05 16:00,1.662
2025-12-05 17:00,1.830
2025-12-05 18:00,1.915
2025-12-05 19:00,2.241
2025-12-05 20:00,2.547
2025-12-05 21:00,2.715
2025-12-05 22:00,2.762
2025-12-05 23:00,3.105
2025-12-06 00:00,3.265
2025-12-06 01:00,3.225
2025-12-06 02:00,2.899
2025-12-06 03:00,2.416
2025-12-06 04:00,1.966
2025-12-06 05:00,1.625
2025-12-06 06:00,1.495
2025-12-06 07:00,1.348
2025-12-06 08:00,1.641
2025-12-06 09:00,2.235
2025-12-06 10:00,2.979
2025-12-06 11:00,3.699
2025-12-06 12:00,4.155
2025-12-06 13:00,4.185
2025-12-06 14:00,4.004
2025-12-06 15:00,3.885
2025-12-06 16:00,3.925
2025-12-06 17:00,4.077
2025-12-06 18:00,4.327
2025-12-06 19:00,4.594
2025-12-06 20:00,4.764
2025-12-06 21:00,4.894
2025-12-06 22:00,4.954
2025-12-06 23:00,4.916
2025-12-07 00:00,4.792
2025-12-07 01:00,4.827
2025-12-07 02:00,5.002
2025-12-07 03:00,5.396
2025-12-07 04:00,5.962
2025-12-07 05:00,6.732
2025-12-07 06:00,7.316
2025-12-07 07:00,7.621
2025-12-07 08:00,7.815
2025-12-07 09:00,8.076
2025-12-07 10:00,8.355
2025-12-07 11:00,8.601
2025-12-07 12:00,8.832
2025-12-07 13:00,8.781
2025-12-07 14:00,7.598
2025-12-07 15:00,6.418
2025-12-07 16:00,6.435
2025-12-07 17:00,6.489
2025-12-07 18:00,6.878
2025-12-07 19:00,6.846
2025-12-07 20:00,6.941
2025-12-07 21:00,6.958
2025-12-07 22:00,7.139
2025-12-07 23:00,7.318
2025-12-08 00:00,7.676
2025-12-08 01:00,8.831
2025-12-08 02:00,10.613
2025-12-08 03:00,10.936
2025-12-08 04:00,9.821
2025-12-08 05:00,8.718
2025-12-08 06:00,8.044
2025-12-08 07:00,7.613
2025-12-08 08:00,7.892
2025-12-08 09:00,8.596
2025-12-08 10:00,9.388
2025-12-08 11:00,9.956
2025-12-08 12:00,10.072
2025-12-08 13:00,9.893
2025-12-08 14:00,9.899
2025-12-08 15:00,10.176
2025-12-08 16:00,10.356
2025-12-08 17:00,10.179
2025-12-08 18:00,9.986
2025-12-08 19:00,10.011
2025-12-08 20:00,10.009
2025-12-08 21:00,10.161
2025-12-08 22:00,10.023
2025-12-08 23:00,9.831
2025-12-09 00:00,9.738
2025-12-09 01:00,9.828
2025-12-09 02:00,9.751
2025-12-09 03:00,9.546
2025-12-09 04:00,9.508
2025-12-09 05:00,9.689
2025-12-09 06:00,10.093
2025-12-09 07:00,10.394
2025-12-09 08:00,10.614
2025-12-09 09:00,10.784
2025-12-09 10:00,10.837
2025-12-09 11:00,10.898
2025-12-09 12:00,10.846
2025-12-09 13:00,10.732
2025-12-09 14:00,10.403
2025-12-09 15:00,10.097
2025-12-09 16:00,10.094
2025-12-09 17:00,10.140
2025-12-09 18:00,10.204
2025-12-09 19:00,10.240
2025-12-09 20:00,10.222
2025-12-09 21:00,10.110
2025-12-09 22:00,9.894
2025-12-09 23:00,9.662
2025-12-10 00:00,9.462
2025-12-10 01:00,9.319
2025-12-10 02:00,9.253
2025-12-10 03:00,9.280
2025-12-10 04:00,9.204
2025-12-10 05:00,9.165
2025-12-10 06:00,9.202
2025-12-10 07:00,9.141
2025-12-10 08:00,9.515
2025-12-10 09:00,9.974
2025-12-10 10:00,10.394
2025-12-10 11:00,10.752
2025-12-10 12:00,10.903
2025-12-10 13:00,10.732
2025-12-10 14:00,10.273
2025-12-10 15:00,9.990
2025-12-10 16:00,9.890
2025-12-10 17:00,9.755
2025-12-10 18:00,9.600
2025-12-10 19:00,9.396
2025-12-10 20:00,9.078
2025-12-10 21:00,8.662
2025-12-10 22:00,8.296
2025-12-10 23:00,7.964
2025-12-11 00:00,7.700
2025-12-11 01:00,7.457
2025-12-11 02:00,7.210
2025-12-11 03:00,7.005
2025-12-11 04:00,6.946
2025-12-11 05:00,7.017
2025-12-11 06:00,7.170
2025-12-11 07:00,7.505
2025-12-11 08:00,7.719
2025-12-11 09:00,7.868
2025-12-11 10:00,7.922
2025-12-11 11:00,8.004
2025-12-11 12:00,8.225
2025-12-11 13:00,8.214
2025-12-11 14:00,7.860
2025-12-11 15:00,7.548
2025-12-11 16:00,7.448
2025-12-11 17:00,7.396
2025-12-11 18:00,7.314
2025-12-11 19:00,7.155
2025-12-11 20:00,6.950
2025-12-11 21:00,6.509
2025-12-11 22:00,6.020
2025-12-11 23:00,5.776
2025-12-12 00:00,5.801
2025-12-12 01:00,5.835
2025-12-12 02:00,5.688
2025-12-12 03:00,5.498
2025-12-12 04:00,5.353
2025-12-12 05:00,5.183
2025-12-12 06:00,5.071
2025-12-12 07:00,4.991
2025-12-12 08:00,4.833
2025-12-12 09:00,4.451
2025-12-12 10:00,4.598
2025-12-12 11:00,4.826
2025-12-12 12:00,4.931
2025-12-12 13:00,5.038
2025-12-12 14:00,4.959
2025-12-12 15:00,4.788
2025-12-12 16:00,4.952
2025-12-12 17:00,5.125
2025-12-12 18:00,5.317
2025-12-12 19:00,5.536
2025-12-12 20:00,5.831
2025-12-12 21:00,6.263
2025-12-12 22:00,6.581
2025-12-12 23:00,6.815
2025-12-13 00:00,7.013
2025-12-13 01:00,7.102
2025-12-13 02:00,6.914
2025-12-13 03:00,6.776
2025-12-13 04:00,6.694
2025-12-13 05:00,6.572
2025-12-13 06:00,6.719
2025-12-13 07:00,7.075
2025-12-13 08:00,7.594
2025-12-13 09:00,8.052
2025-12-13 10:00,8.327
2025-12-13 11:00,8.731
2025-12-13 12:00,9.087
2025-12-13 13:00,9.000
2025-12-13 14:00,8.175
2025-12-13 15:00,7.320
2025-12-13 16:00,6.885
2025-12-13 17:00,6.317
2025-12-13 18:00,6.317
2025-12-13 19:00,5.868
2025-12-13 20:00,5.607
2025-12-13 21:00,5.504
2025-12-13 22:00,5.448
2025-12-13 23:00,5.385
2025-12-14 00:00,5.201
2025-12-14 01:00,4.947
2025-12-14 02:00,4.560
2025-12-14 03:00,4.108
2025-12-14 04:00,3.703
2025-12-14 05:00,3.463
2025-12-14 06:00,3.500
2025-12-14 07:00,3.789
2025-12-14 08:00,4.374
2025-12-14 09:00,5.157
2025-12-14 10:00,5.964
2025-12-14 11:00,6.560
2025-12-14 12:00,6.805
2025-12-14 13:00,6.615
2025-12-14 14:00,6.246
2025-12-14 15:00,6.027
2025-12-14 16:00,6.045
2025-12-14 17:00,6.119
2025-12-14 18:00,6.204
2025-12-14 19:00,6.256
2025-12-14 20:00,6.271
2025-12-14 21:00,6.368
2025-12-14 22:00,6.425
2025-12-14 23:00,6.426
2025-12-15 00:00,6.433
2025-12-15 01:00,6.406
2025-12-15 02:00,6.333
2025-12-15 03:00,6.238
2025-12-15 04:00,5.864
2025-12-15 05:00,5.226
2025-12-15 06:00,4.268
2025-12-15 07:00,3.670
2025-12-15 08:00,3.755
2025-12-15 09:00,4.332
2025-12-15 10:00,5.064
2025-12-15 11:00,5.885
2025-12-15 12:00,6.661
2025-12-15 13:00,6.803
2025-12-15 14:00,5.000
2025-12-15 15:00,3.845
2025-12-15 16:00,4.005
2025-12-15 17:00,3.800
2025-12-15 18:00,3.316
2025-12-15 19:00,2.854
2025-12-15 20:00,2.680
2025-12-15 21:00,3.024
2025-12-15 22:00,3.339
2025-12-15 23:00,3.605
2025-12-16 00:00,3.723
2025-12-16 01:00,3.762
2025-12-16 02:00,3.636
2025-12-16 03:00,3.764
2025-12-16 04:00,3.691
2025-12-16 05:00,3.580
2025-12-16 06:00,3.401
2025-12-16 07:00,3.110
2025-12-16 08:00,3.344
2025-12-16 09:00,4.178
2025-12-16 10:00,5.285
2025-12-16 11:00,6.431
2025-12-16 12:00,7.151
2025-12-16 13:00,6.876
2025-12-16 14:00,5.357
2025-12-16 15:00,4.661
2025-12-16 16:00,4.611
2025-12-16 17:00,4.280
2025-12-16 18:00,4.043
2025-12-16 19:00,4.147
2025-12-16 20:00,4.372
2025-12-16 21:00,4.365
2025-12-16 22:00,4.200
2025-12-16 23:00,4.304
2025-12-17 00:00,4.293
2025-12-17 01:00,4.123
2025-12-17 02:00,3.920
2025-12-17 03:00,3.764
2025-12-17 04:00,3.448
2025-12-17 05:00,2.747
2025-12-17 06:00,2.084
2025-12-17 07:00,1.587
2025-12-17 08:00,2.705
2025-12-17 09:00,4.191
2025-12-17 10:00,5.540
2025-12-17 11:00,6.685
2025-12-17 12:00,7.231
2025-12-17 13:00,7.004
2025-12-17 14:00,6.072
2025-12-17 15:00,5.570
2025-12-17 16:00,5.876
2025-12-17 17:00,6.088
2025-12-17 18:00,6.383
2025-12-17 19:00,6.485
2025-12-17 20:00,6.339
2025-12-17 21:00,6.283
2025-12-17 22:00,6.524
2025-12-17 23:00,6.495
2025-12-18 00:00,6.343
2025-12-18 01:00,6.455
2025-12-18 02:00,6.603
2025-12-18 03:00,6.060
2025-12-18 04:00,5.656
2025-12-18 05:00,5.494
2025-12-18 06:00,5.297
2025-12-18 07:00,5.008
2025-12-18 08:00,5.262
2025-12-18 09:00,5.809
2025-12-18 10:00,6.484
2025-12-18 11:00,7.522
2025-12-18 12:00,8.476
2025-12-18 13:00,8.700
2025-12-18 14:00,7.731
2025-12-18 15:00,6.969
2025-12-18 16:00,6.880
2025-12-18 17:00,6.488
2025-12-18 18:00,6.057
2025-12-18 19:00,5.742
2025-12-18 20:00,5.606
2025-12-18 21:00,5.687
2025-12-18 22:00,5.976
2025-12-18 23:00,6.422
2025-12-19 00:00,6.670
2025-12-19 01:00,7.265
2025-12-19 02:00,7.447
2025-12-19 03:00,7.428
2025-12-19 04:00,7.604
2025-12-19 05:00,7.774
2025-12-19 06:00,7.891
2025-12-19 07:00,7.978
2025-12-19 08:00,8.251
2025-12-19 09:00,8.702
2025-12-19 10:00,9.154
2025-12-19 11:00,9.775
2025-12-19 12:00,9.957
2025-12-19 13:00,9.976
2025-12-19 14:00,9.859
2025-12-19 15:00,9.579
2025-12-19 16:00,8.920
2025-12-19 17:00,8.163
2025-12-19 18:00,7.361
2025-12-19 19:00,6.620
2025-12-19 20:00,5.961
2025-12-19 21:00,5.353
2025-12-19 22:00,4.917
2025-12-19 23:00,4.669
2025-12-20 00:00,4.552
2025-12-20 01:00,4.485
2025-12-20 02:00,4.377
2025-12-20 03:00,4.296
2025-12-20 04:00,4.303
2025-12-20 05:00,4.370
2025-12-20 06:00,4.363
2025-12-20 07:00,4.367
2025-12-20 08:00,4.441
2025-12-20 09:00,4.359
2025-12-20 10:00,4.399
2025-12-20 11:00,4.613
2025-12-20 12:00,4.736
2025-12-20 13:00,4.760
2025-12-20 14:00,4.646
2025-12-20 15:00,4.565
2025-12-20 16:00,4.580
2025-12-20 17:00,4.559
2025-12-20 18:00,4.538
2025-12-20 19:00,4.501
2025-12-20 20:00,4.428
2025-12-20 21:00,4.378
2025-12-20 22:00,4.337
2025-12-20 23:00,4.316
2025-12-21 00:00,4.348
2025-12-21 01:00,4.370
2025-12-21 02:00,4.397
2025-12-21 03:00,4.346
2025-12-21 04:00,4.305
2025-12-21 05:00,4.337
2025-12-21 06:00,4.359
2025-12-21 07:00,4.406
2025-12-21 08:00,4.569
2025-12-21 09:00,4.901
2025-12-21 10:00,5.344
2025-12-21 11:00,5.725
2025-12-21 12:00,5.952
2025-12-21 13:00,5.929
2025-12-21 14:00,5.762
2025-12-21 15:00,5.548
2025-12-21 16:00,5.481
2025-12-21 17:00,5.434
2025-12-21 18:00,5.409
2025-12-21 19:00,5.389
2025-12-21 20:00,5.352
2025-12-21 21:00,5.300
2025-12-21 22:00,5.236
2025-12-21 23:00,5.146
2025-12-22 00:00,5.073
2025-12-22 01:00,5.024
2025-12-22 02:00,4.896
2025-12-22 03:00,4.685
2025-12-22 04:00,4.405
2025-12-22 05:00,4.168
2025-12-22 06:00,4.063
2025-12-22 07:00,3.963
2025-12-22 08:00,3.967
2025-12-22 09:00,4.064
2025-12-22 10:00,4.221
2025-12-22 11:00,4.321
2025-12-22 12:00,4.296
2025-12-22 13:00,4.111
2025-12-22 14:00,3.775
2025-12-22 15:00,3.476
2025-12-22 16:00,3.213
2025-12-22 17:00,2.892
2025-12-22 18:00,2.554
2025-12-22 19:00,2.229
2025-12-22 20:00,1.958
2025-12-22 21:00,1.782
2025-12-22 22:00,1.670
2025-12-22 23:00,1.566
2025-12-23 00:00,1.473
2025-12-23 01:00,1.390
2025-12-23 02:00,1.297
2025-12-23 03:00,1.207
2025-12-23 04:00,1.089
2025-12-23 05:00,0.975
2025-12-23 06:00,0.796
2025-12-23 07:00,0.494
2025-12-23 08:00,0.378
2025-12-23 09:00,0.902
2025-12-23 10:00,1.619
2025-12-23 11:00,2.178
2025-12-23 12:00,2.518
2025-12-23 13:00,2.423
2025-12-23 14:00,1.576
2025-12-23 15:00,0.676
2025-12-23 16:00,0.291
2025-12-23 17:00,0.142
2025-12-23 18:00,0.197
2025-12-23 19:00,0.444
2025-12-23 20:00,0.570
2025-12-23 21:00,0.529
2025-12-23 22:00,0.465
2025-12-23 23:00,0.527
2025-12-24 00:00,0.288
2025-12-24 01:00,-0.068
2025-12-24 02:00,-0.424
2025-12-24 03:00,-0.552
2025-12-24 04:00,-0.742
2025-12-24 05:00,-0.901
2025-12-24 06:00,-1.021
2025-12-24 07:00,-1.209
2025-12-24 08:00,-0.604
2025-12-24 09:00,0.368
2025-12-24 10:00,1.077
2025-12-24 11:00,1.242
2025-12-24 12:00,1.088
2025-12-24 13:00,0.565
2025-12-24 14:00,-0.544
2025-12-24 15:00,-1.651
2025-12-24 16:00,-1.946
2025-12-24 17:00,-2.142
2025-12-24 18:00,-2.403
2025-12-24 19:00,-2.747
2025-12-24 20:00,-3.308
2025-12-24 21:00,-3.905
2025-12-24 22:00,-4.301
2025-12-24 23:00,-4.520
2025-12-25 00:00,-4.634
2025-12-25 01:00,-4.693
2025-12-25 02:00,-4.734
2025-12-25 03:00,-4.776
2025-12-25 04:00,-4.804
2025-12-25 05:00,-4.821
2025-12-25 06:00,-4.879
2025-12-25 07:00,-4.973
2025-12-25 08:00,-4.429
2025-12-25 09:00,-3.456
2025-12-25 10:00,-2.445
2025-12-25 11:00,-1.625
2025-12-25 12:00,-1.272
2025-12-25 13:00,-1.497
2025-12-25 14:00,-2.908
2025-12-25 15:00,-3.953
2025-12-25 16:00,-3.967
2025-12-25 17:00,-4.076
2025-12-25 18:00,-4.237
2025-12-25 19:00,-4.444
2025-12-25 20:00,-4.704
2025-12-25 21:00,-4.959
2025-12-25 22:00,-5.130
2025-12-25 23:00,-5.225
2025-12-26 00:00,-5.260
2025-12-26 01:00,-5.038
2025-12-26 02:00,-4.819
2025-12-26 03:00,-4.605
2025-12-26 04:00,-4.385
2025-12-26 05:00,-4.165
2025-12-26 06:00,-3.952
2025-12-26 07:00,-3.781
2025-12-26 08:00,-3.405
2025-12-26 09:00,-2.660
2025-12-26 10:00,-1.654
2025-12-26 11:00,-0.500
2025-12-26 12:00,0.416
2025-12-26 13:00,0.426
2025-12-26 14:00,-0.411
2025-12-26 15:00,-0.909
2025-12-26 16:00,-0.832
2025-12-26 17:00,-0.711
2025-12-26 18:00,-0.427
2025-12-26 19:00,-0.168
2025-12-26 20:00,0.113
2025-12-26 21:00,0.368
2025-12-26 22:00,0.558
2025-12-26 23:00,0.631
2025-12-27 00:00,0.639
2025-12-27 01:00,0.772
2025-12-27 02:00,0.990
2025-12-27 03:00,1.227
2025-12-27 04:00,1.503
2025-12-27 05:00,1.815
2025-12-27 06:00,2.171
2025-12-27 07:00,2.523
2025-12-27 08:00,2.985
2025-12-27 09:00,3.617
2025-12-27 10:00,4.358
2025-12-27 11:00,5.129
2025-12-27 12:00,5.512
2025-12-27 13:00,5.309
2025-12-27 14:00,4.434
2025-12-27 15:00,3.510
2025-12-27 16:00,2.378
2025-12-27 17:00,0.933
2025-12-27 18:00,0.656
2025-12-27 19:00,0.845
2025-12-27 20:00,1.149
2025-12-27 21:00,0.940
2025-12-27 22:00,0.435
2025-12-27 23:00,0.042
2025-12-28 00:00,-0.279
2025-12-28 01:00,-0.512
2025-12-28 02:00,-0.695
2025-12-28 03:00,-0.862
2025-12-28 04:00,-0.962
2025-12-28 05:00,-1.126
2025-12-28 06:00,-1.334
2025-12-28 07:00,-1.627
2025-12-28 08:00,-1.471
2025-12-28 09:00,-0.862
2025-12-28 10:00,0.005
2025-12-28 11:00,0.855
2025-12-28 12:00,1.374
2025-12-28 13:00,0.994
2025-12-28 14:00,-0.639
2025-12-28 15:00,-0.809
2025-12-28 16:00,-0.256
2025-12-28 17:00,0.062
2025-12-28 18:00,0.568
2025-12-28 19:00,0.973
2025-12-28 20:00,1.197
2025-12-28 21:00,1.297
2025-12-28 22:00,1.341
2025-12-28 23:00,1.446
2025-12-29 00:00,1.821
2025-12-29 01:00,2.133
2025-12-29 02:00,2.255
2025-12-29 03:00,2.411
2025-12-29 04:00,2.617
2025-12-29 05:00,2.942
2025-12-29 06:00,3.296
2025-12-29 07:00,3.714
2025-12-29 08:00,4.145
2025-12-29 09:00,4.738
2025-12-29 10:00,5.251
2025-12-29 11:00,5.548
2025-12-29 12:00,5.497
2025-12-29 13:00,4.893
2025-12-29 14:00,3.589
2025-12-29 15:00,1.995
2025-12-29 16:00,1.202
2025-12-29 17:00,0.708
2025-12-29 18:00,0.941
2025-12-29 19:00,0.742
2025-12-29 20:00,0.105
2025-12-29 21:00,-0.613
2025-12-29 22:00,-1.415
2025-12-29 23:00,-1.866
2025-12-30 00:00,-2.173
2025-12-30 01:00,-2.320
2025-12-30 02:00,-2.523
2025-12-30 03:00,-2.879
2025-12-30 04:00,-3.229
2025-12-30 05:00,-3.292
2025-12-30 06:00,-3.264
2025-12-30 07:00,-3.232
2025-12-30 08:00,-2.466
2025-12-30 09:00,-1.379
2025-12-30 10:00,-0.316
2025-12-30 11:00,0.544
2025-12-30 12:00,0.926
2025-12-30 13:00,0.428
2025-12-30 14:00,-1.402
2025-12-30 15:00,-2.667
2025-12-30 16:00,-2.912
2025-12-30 17:00,-3.166
2025-12-30 18:00,-3.370
2025-12-30 19:00,-3.486
2025-12-30 20:00,-3.500
2025-12-30 21:00,-3.377
2025-12-30 22:00,-3.205
2025-12-30 23:00,-2.654
2025-12-31 00:00,-2.000
2025-12-31 01:00,-1.215
2025-12-31 02:00,-0.343
2025-12-31 03:00,0.510
2025-12-31 04:00,1.137
2025-12-31 05:00,1.661
2025-12-31 06:00,2.731
2025-12-31 07:00,3.526
2025-12-31 08:00,3.899
2025-12-31 09:00,4.172
2025-12-31 10:00,4.550
2025-12-31 11:00,4.855
2025-12-31 12:00,4.844
2025-12-31 13:00,4.224
2025-12-31 14:00,2.908
2025-12-31 15:00,2.501
2025-12-31 16:00,2.502
2025-12-31 17:00,2.586
2025-12-31 18:00,2.971
2025-12-31 19:00,3.473
2025-12-31 20:00,4.092
2025-12-31 21:00,4.304
2025-12-31 22:00,4.045
2025-12-31 23:00,3.686
